Timestamp,What grade are you in?,Which Pathway are you in?,I am,Do you like coming to school?,Do you feel safe at school?,Do you have at least one good friend at school?,Do you have at least one adult you can talk to at school when you need help?,Do you feel your school effectively addresses the mental health needs of you and your classmates?,Do your teachers encourage you to take positive risks at school?,Are you aware of the seven traits your school is trying to develop in students?,Does your school have you do things that help you learn these traits?,Are you aware of our requirement to complete a Capstone project before you graduate?,Do you feel you are prepared to complete a Capstone project before you graduate?,Do you feel your school experience is adequately preparing you for the real world?
2/14/2022 8:40:57,11th,STEAM,Male,Very much,Very much,Yes,Yes,I'm not sure,Yes,Yes,Yes,Yes,Yes,I'm not sure
2/14/2022 8:41:44,11th,STEAM,,Very much,Sort of,Yes,Yes,I'm not sure,Yes,Yes,Yes,Yes,Yes,I'm not sure
2/14/2022 8:42:20,12th,"Arts, Hospitality, and Education",Female,Not really,Sort of,Yes,Yes,Not at all,No,No,No,Yes,Yes,I'm not sure
2/14/2022 8:43:47,12th,"Skilled Trades, Security, and Industry",,Sort of,Very much,Yes,Yes,I'm not sure,Yes,Yes,,Yes,Yes,I'm not sure
2/14/2022 8:45:00,12th,TOP,Female,Very much,Sort of,Yes,Yes,I think so,Yes,Yes,Yes,Yes,Yes,I think so
2/14/2022 8:46:32,11th,"Skilled Trades, Security, and Industry",Female,Sort of,Very much,Yes,Yes,I think so,Yes,No,No,Yes,No,I think so
2/14/2022 8:47:33,11th,Base Camp,Female,Sort of,Sort of,Yes,Yes,I'm not sure,Yes,No,Yes,Yes,No,I'm not sure
2/14/2022 8:48:35,10th,Health and Business,Female,Sort of,Very much,Yes,Yes,I think so,Yes,Yes,Yes,Yes,Yes,I think so
2/14/2022 8:49:25,11th,TOP,Female,Not really,Sort of,Yes,Yes,I'm not sure,No,Yes,No,Yes,Yes,I'm not sure
2/14/2022 8:50:49,11th,Health and Business,Female,Sort of,Sort of,Yes,Yes,I'm not sure,Yes,Yes,No,Yes,Yes,I think so
2/14/2022 8:52:33,11th,,Male,Sort of,Sort of,Yes,Yes,I'm not sure,No,Yes,No,Yes,Yes,I'm not sure
2/14/2022 8:56:24,10th,STEAM,Male,Not really,Very much,No,Yes,I'm not sure,Yes,Yes,Yes,Yes,Yes,I think so
2/14/2022 8:57:41,11th,,Female,Sort of,Very much,Yes,Yes,I think so,Yes,Yes,Yes,Yes,Yes,I'm not sure
2/14/2022 8:57:53,11th,"Skilled Trades, Security, and Industry",Male,Very much,Sort of,Yes,Yes,I'm not sure,Yes,Yes,Yes,Yes,No,I'm not sure
2/14/2022 9:00:13,12th,Health and Business,Female,Not really,No,Yes,Yes,Not at all,Yes,No,No,Yes,Yes,Not at all
2/14/2022 9:04:06,10th,"Skilled Trades, Security, and Industry",Female,Very much,Very much,Yes,Yes,I think so,Yes,No,Yes,Yes,Yes,Not at all
2/14/2022 9:06:54,10th,"Arts, Hospitality, and Education",Female,Not really,Sort of,Yes,Yes,I'm not sure,Yes,No,No,Yes,No,Not at all
2/14/2022 9:07:22,10th,STEAM,Female,Sort of,Sort of,Yes,Yes,I think so,Yes,No,No,Yes,Yes,I think so
2/14/2022 9:07:53,10th,Health and Business,Female,Not really,Sort of,Yes,Yes,I'm not sure,No,No,No,Yes,Yes,Not at all
2/14/2022 9:08:33,11th,STEAM,Male,Sort of,Sort of,Yes,Yes,I'm not sure,No,No,No,Yes,Yes,Not at all
2/14/2022 9:08:33,10th,,Male,Sort of,No,Yes,Yes,I'm not sure,No,No,No,Yes,No,Not at all
2/14/2022 9:08:42,9th,"Arts, Hospitality, and Education",Male,Not really,No,Yes,Yes,Not at all,No,No,No,Yes,Yes,Not at all
2/14/2022 9:09:19,10th,STEAM,Female,Sort of,Sort of,Yes,Yes,Not at all,Yes,No,No,Yes,Yes,I'm not sure
2/14/2022 9:12:24,10th,"Arts, Hospitality, and Education",Female,Very much,Very much,Yes,No,I think so,Yes,Yes,Yes,Yes,Yes,I'm not sure
2/14/2022 9:12:44,11th,"Arts, Hospitality, and Education",Male,Very much,No,Yes,Yes,Not at all,Yes,Yes,No,Yes,Yes,I think so
2/14/2022 9:13:48,11th,STEAM,Male,Very much,Very much,Yes,Yes,I'm not sure,Yes,Yes,No,Yes,Yes,I'm not sure
2/14/2022 9:14:12,11th,Health and Business,Female,Sort of,Very much,Yes,Yes,I'm not sure,Yes,Yes,Yes,Yes,Yes,I'm not sure
2/14/2022 9:14:18,10th,"Arts, Hospitality, and Education",Female,Not really,Sort of,Yes,Yes,Not at all,Yes,No,Yes,Yes,Yes,I'm not sure
2/14/2022 9:21:01,11th,STEAM,Male,Sort of,Very much,Yes,Yes,I think so,Yes,Yes,Yes,Yes,Yes,I think so
2/14/2022 9:22:02,11th,,Male,Sort of,Very much,Yes,No,,,No,Yes,Yes,No,
2/14/2022 9:22:04,10th,STEAM,Male,Sort of,Very much,Yes,No,Not at all,Yes,No,No,Yes,Yes,Not at all
2/14/2022 9:22:14,10th,STEAM,Female,Sort of,Very much,Yes,Yes,Not at all,Yes,No,No,Yes,Yes,Not at all
2/14/2022 9:22:17,11th,"Skilled Trades, Security, and Industry",Male,Very much,Very much,Yes,Yes,I think so,No,No,No,No,No,I think so
2/14/2022 9:22:35,9th,Health and Business,Male,Sort of,Very much,No,Yes,I think so,No,No,No,No,No,Not at all
2/14/2022 9:22:47,12th,Health and Business,Female,Very much,Very much,Yes,Yes,I think so,No,Yes,Yes,Yes,Yes,I'm not sure
2/14/2022 9:22:47,11th,STEAM,Male,Sort of,Very much,Yes,No,Not at all,No,No,No,No,No,Not at all
2/14/2022 9:22:49,10th,Health and Business,Female,Sort of,Sort of,No,Yes,I'm not sure,Yes,Yes,Yes,Yes,Yes,I think so
2/14/2022 9:22:55,11th,Health and Business,Female,Sort of,No,Yes,No,I'm not sure,No,No,No,Yes,No,Not at all
2/14/2022 9:22:57,11th,"Skilled Trades, Security, and Industry",Male,Sort of,No,Yes,Yes,I'm not sure,Yes,No,No,Yes,Yes,Not at all
2/14/2022 9:22:59,10th,"Skilled Trades, Security, and Industry",Male,Sort of,Sort of,Yes,Yes,I think so,Yes,No,Yes,Yes,No,Not at all
2/14/2022 9:23:00,11th,STEAM,Male,Sort of,Sort of,Yes,No,Not at all,Yes,No,No,Yes,No,I'm not sure
2/14/2022 9:23:02,9th,TOP,Female,Very much,Very much,Yes,Yes,I'm not sure,Yes,Yes,Yes,Yes,Yes,I'm not sure
2/14/2022 9:23:04,10th,"Arts, Hospitality, and Education",Female,Sort of,Sort of,Yes,Yes,I think so,Yes,No,Yes,Yes,Yes,I think so
2/14/2022 9:23:06,11th,Health and Business,Female,Not really,Very much,Yes,Yes,I'm not sure,Yes,Yes,Yes,Yes,Yes,I'm not sure
2/14/2022 9:23:08,11th,"Arts, Hospitality, and Education",Female,Sort of,Sort of,Yes,Yes,I think so,Yes,Yes,Yes,Yes,Yes,I'm not sure
2/14/2022 9:23:11,11th,,Male,Sort of,Sort of,No,No,I'm not sure,Yes,No,Yes,Yes,Yes,I'm not sure
2/14/2022 9:23:12,11th,"Arts, Hospitality, and Education",Female,Sort of,Sort of,Yes,Yes,I think so,Yes,Yes,No,Yes,Yes,I think so
2/14/2022 9:23:17,11th,"Arts, Hospitality, and Education",Female,Sort of,Very much,Yes,Yes,I think so,Yes,Yes,Yes,Yes,Yes,I think so
2/14/2022 9:23:17,11th,,Male,Sort of,Sort of,Yes,Yes,I'm not sure,Yes,No,Yes,Yes,No,I'm not sure
2/14/2022 9:23:18,10th,TOP,Male,Sort of,Sort of,Yes,Yes,I'm not sure,Yes,Yes,Yes,Yes,Yes,I'm not sure
2/14/2022 9:23:19,11th,"Skilled Trades, Security, and Industry",Male,Not really,Sort of,Yes,No,I'm not sure,No,No,No,Yes,No,Not at all
2/14/2022 9:23:22,10th,,Male,Very much,Very much,,Yes,I'm not sure,Yes,Yes,Yes,Yes,Yes,I'm not sure
2/14/2022 9:23:24,9th,,Female,Not really,No,Yes,Yes,Not at all,Yes,No,Yes,Yes,No,Not at all
2/14/2022 9:23:24,12th,TOP,Female,Very much,Very much,Yes,Yes,I'm not sure,No,Yes,Yes,Yes,Yes,I think so
2/14/2022 9:23:27,11th,STEAM,Male,Very much,Very much,Yes,Yes,I'm not sure,Yes,No,Yes,Yes,Yes,I'm not sure
2/14/2022 9:23:27,11th,STEAM,Female,Sort of,Very much,Yes,Yes,I'm not sure,Yes,No,No,Yes,Yes,I think so
2/14/2022 9:23:29,10th,"Arts, Hospitality, and Education",Female,Not really,Sort of,Yes,Yes,I'm not sure,Yes,No,No,Yes,No,Not at all
2/14/2022 9:23:29,9th,Health and Business,Female,Sort of,Very much,Yes,Yes,I think so,Yes,Yes,Yes,Yes,Yes,I think so
2/14/2022 9:23:29,11th,"Skilled Trades, Security, and Industry",Male,Very much,Very much,Yes,Yes,I think so,Yes,No,Yes,Yes,Yes,I'm not sure
2/14/2022 9:23:29,9th,"Arts, Hospitality, and Education",Female,Not really,Very much,Yes,Yes,I think so,Yes,No,No,Yes,Yes,I'm not sure
2/14/2022 9:23:30,10th,"Arts, Hospitality, and Education",Male,Sort of,Very much,Yes,Yes,I'm not sure,Yes,No,No,Yes,Yes,I think so
2/14/2022 9:23:30,9th,"Skilled Trades, Security, and Industry",Male,Sort of,Sort of,Yes,Yes,I'm not sure,Yes,No,No,Yes,Yes,I'm not sure
2/14/2022 9:23:30,11th,"Skilled Trades, Security, and Industry",Male,Not really,Very much,No,Yes,I think so,Yes,No,No,Yes,Yes,I think so
2/14/2022 9:23:30,10th,"Arts, Hospitality, and Education",Female,Sort of,Sort of,Yes,No,I'm not sure,Yes,No,No,Yes,No,I'm not sure
2/14/2022 9:23:30,10th,STEAM,Male,Sort of,Very much,Yes,No,I'm not sure,Yes,Yes,Yes,Yes,Yes,I think so
2/14/2022 9:23:31,9th,"Arts, Hospitality, and Education",Female,Sort of,Very much,Yes,Yes,I think so,Yes,Yes,Yes,Yes,No,I'm not sure
2/14/2022 9:23:31,11th,STEAM,Male,Not really,Sort of,Yes,Yes,Not at all,No,No,No,Yes,Yes,Not at all
2/14/2022 9:23:31,10th,STEAM,Female,Sort of,Very much,Yes,Yes,I think so,Yes,Yes,Yes,Yes,Yes,I think so
2/14/2022 9:23:32,11th,Health and Business,Female,Sort of,Very much,Yes,Yes,I'm not sure,Yes,Yes,Yes,Yes,Yes,I'm not sure
2/14/2022 9:23:32,11th,TOP,Male,Not really,Sort of,Yes,Yes,I'm not sure,Yes,Yes,Yes,Yes,Yes,I think so
2/14/2022 9:23:33,10th,"Arts, Hospitality, and Education",Female,Not really,Sort of,Yes,Yes,I'm not sure,No,Yes,No,Yes,No,Not at all
2/14/2022 9:23:34,9th,,Male,Not really,Sort of,No,No,I'm not sure,Yes,Yes,No,Yes,Yes,I think so
2/14/2022 9:23:34,10th,"Arts, Hospitality, and Education",Female,Sort of,Very much,Yes,Yes,I think so,Yes,Yes,Yes,Yes,Yes,I think so
2/14/2022 9:23:35,11th,Health and Business,Female,Not really,Sort of,Yes,Yes,I'm not sure,Yes,No,No,Yes,Yes,I think so
2/14/2022 9:23:36,12th,STEAM,,Not really,Very much,Yes,Yes,I'm not sure,Yes,Yes,Yes,Yes,Yes,I think so
2/14/2022 9:23:36,9th,Base Camp,Female,Sort of,Very much,Yes,Yes,I'm not sure,Yes,Yes,Yes,Yes,Yes,I think so
2/14/2022 9:23:37,11th,STEAM,Female,Sort of,Sort of,Yes,Yes,I think so,Yes,Yes,Yes,Yes,Yes,I think so
2/14/2022 9:23:37,12th,"Arts, Hospitality, and Education",Male,Very much,Sort of,Yes,Yes,I'm not sure,Yes,Yes,No,Yes,Yes,I'm not sure
2/14/2022 9:23:37,9th,"Skilled Trades, Security, and Industry",Male,Sort of,Very much,Yes,Yes,I'm not sure,No,No,No,Yes,Yes,I'm not sure
2/14/2022 9:23:37,12th,TOP,Male,,Very much,Yes,Yes,I think so,Yes,Yes,Yes,Yes,Yes,I'm not sure
2/14/2022 9:23:38,12th,"Arts, Hospitality, and Education",Female,Very much,Sort of,Yes,Yes,I think so,Yes,Yes,Yes,Yes,Yes,I think so
2/14/2022 9:23:38,11th,Health and Business,Female,Very much,Very much,Yes,Yes,I'm not sure,Yes,Yes,Yes,Yes,Yes,I think so
2/14/2022 9:23:39,9th,STEAM,Male,Very much,Very much,Yes,Yes,I think so,Yes,Yes,Yes,Yes,Yes,I think so
2/14/2022 9:23:40,9th,,Male,Very much,Sort of,Yes,Yes,Not at all,No,No,No,Yes,No,Not at all
2/14/2022 9:23:40,9th,,Male,Sort of,Sort of,Yes,Yes,I'm not sure,Yes,No,No,Yes,Yes,I'm not sure
2/14/2022 9:23:41,11th,"Arts, Hospitality, and Education",Male,Sort of,Very much,Yes,Yes,I think so,Yes,Yes,No,Yes,Yes,I'm not sure
2/14/2022 9:23:41,9th,STEAM,Male,Sort of,Very much,Yes,Yes,I'm not sure,No,No,No,Yes,Yes,I'm not sure
2/14/2022 9:23:42,11th,"Skilled Trades, Security, and Industry",Male,Not really,Sort of,Yes,Yes,I'm not sure,Yes,Yes,Yes,Yes,Yes,I'm not sure
2/14/2022 9:23:42,9th,Health and Business,Female,Sort of,Sort of,Yes,Yes,I think so,Yes,Yes,Yes,Yes,Yes,I think so
2/14/2022 9:23:46,9th,STEAM,Female,Very much,Very much,Yes,Yes,I'm not sure,Yes,No,No,Yes,Yes,I think so
2/14/2022 9:23:46,10th,"Arts, Hospitality, and Education",Female,Sort of,Sort of,No,No,I think so,Yes,No,Yes,Yes,Yes,I'm not sure
2/14/2022 9:23:47,10th,STEAM,Female,Not really,Sort of,Yes,Yes,I think so,No,No,No,Yes,Yes,I'm not sure
2/14/2022 9:23:47,11th,"Skilled Trades, Security, and Industry",Female,Sort of,No,Yes,Yes,Not at all,Yes,No,No,Yes,No,Not at all
2/14/2022 9:23:47,10th,Health and Business,Male,Not really,Sort of,No,No,I'm not sure,No,No,No,Yes,Yes,Not at all
2/14/2022 9:23:48,9th,STEAM,,Sort of,Very much,Yes,Yes,I'm not sure,Yes,Yes,Yes,Yes,Yes,I think so
2/14/2022 9:23:48,11th,"Arts, Hospitality, and Education",Female,Not really,Sort of,Yes,No,I'm not sure,No,Yes,No,Yes,Yes,I'm not sure
2/14/2022 9:23:50,9th,,Female,Not really,Sort of,Yes,No,I'm not sure,Yes,No,No,Yes,Yes,Not at all
2/14/2022 9:23:50,11th,STEAM,Female,Sort of,Very much,Yes,Yes,I think so,Yes,Yes,Yes,Yes,Yes,I think so
2/14/2022 9:23:51,9th,STEAM,Male,Sort of,Very much,Yes,Yes,I think so,Yes,Yes,Yes,Yes,Yes,I'm not sure
2/14/2022 9:23:51,11th,Health and Business,Female,Sort of,Sort of,Yes,Yes,I think so,Yes,Yes,Yes,Yes,Yes,I think so
2/14/2022 9:23:52,9th,Base Camp,Male,Sort of,Very much,Yes,Yes,I'm not sure,Yes,Yes,Yes,Yes,No,I think so
2/14/2022 9:23:53,11th,"Skilled Trades, Security, and Industry",Male,Sort of,Very much,Yes,Yes,I think so,Yes,Yes,Yes,Yes,Yes,I'm not sure
2/14/2022 9:23:53,10th,TOP,Male,Very much,Very much,Yes,Yes,I think so,Yes,Yes,Yes,Yes,Yes,I think so
2/14/2022 9:23:53,10th,STEAM,Male,Not really,Very much,Yes,Yes,I'm not sure,No,No,No,Yes,Yes,I'm not sure
2/14/2022 9:23:54,11th,"Skilled Trades, Security, and Industry",Male,Sort of,Sort of,Yes,Yes,I'm not sure,Yes,No,No,Yes,Yes,I'm not sure
2/14/2022 9:23:55,10th,"Arts, Hospitality, and Education",Female,Sort of,Sort of,Yes,Yes,I think so,Yes,Yes,No,Yes,Yes,I think so
2/14/2022 9:23:55,11th,STEAM,Male,Very much,Very much,Yes,Yes,I think so,Yes,Yes,Yes,Yes,Yes,I think so
2/14/2022 9:23:55,9th,Base Camp,Female,Very much,Very much,Yes,No,I think so,Yes,Yes,Yes,Yes,Yes,I'm not sure
2/14/2022 9:23:56,11th,Health and Business,Female,Sort of,Sort of,Yes,No,I'm not sure,No,No,No,Yes,No,I'm not sure
2/14/2022 9:23:56,10th,STEAM,Male,Very much,Very much,Yes,Yes,I think so,Yes,Yes,Yes,Yes,Yes,I think so
2/14/2022 9:23:57,10th,,Male,Sort of,Sort of,Yes,Yes,I'm not sure,Yes,Yes,No,Yes,No,I think so
2/14/2022 9:23:57,10th,"Arts, Hospitality, and Education",Female,Sort of,Sort of,Yes,Yes,I'm not sure,Yes,Yes,Yes,Yes,No,I think so
2/14/2022 9:23:57,10th,STEAM,Female,Sort of,Sort of,Yes,Yes,I think so,Yes,No,Yes,Yes,Yes,I think so
2/14/2022 9:23:57,10th,"Arts, Hospitality, and Education",Female,Very much,Very much,Yes,Yes,I think so,Yes,Yes,Yes,Yes,Yes,I think so
2/14/2022 9:23:59,11th,Health and Business,Female,Sort of,Very much,Yes,Yes,I'm not sure,Yes,No,No,Yes,Yes,I think so
2/14/2022 9:23:59,9th,STEAM,Male,Not really,Very much,Yes,No,Not at all,No,No,No,Yes,Yes,I'm not sure
2/14/2022 9:23:59,11th,,Female,Not really,Sort of,No,No,I'm not sure,No,No,No,Yes,No,I'm not sure
2/14/2022 9:24:01,9th,STEAM,Female,Sort of,Very much,Yes,Yes,I'm not sure,Yes,Yes,No,Yes,Yes,I'm not sure
2/14/2022 9:24:01,10th,"Skilled Trades, Security, and Industry",Male,Very much,Very much,Yes,Yes,I think so,Yes,Yes,Yes,Yes,Yes,I'm not sure
2/14/2022 9:24:02,9th,,Male,Not really,Sort of,Yes,Yes,I'm not sure,Yes,No,No,Yes,No,I'm not sure
2/14/2022 9:24:03,10th,"Skilled Trades, Security, and Industry",Male,Very much,No,Yes,Yes,I think so,Yes,No,Yes,Yes,Yes,I think so
2/14/2022 9:24:03,11th,"Arts, Hospitality, and Education",Male,Very much,Very much,Yes,Yes,I think so,Yes,Yes,Yes,Yes,Yes,I think so
2/14/2022 9:24:03,10th,STEAM,Male,Not really,Very much,Yes,Yes,I'm not sure,Yes,No,Yes,Yes,Yes,I think so
2/14/2022 9:24:04,11th,STEAM,Female,Sort of,Sort of,Yes,Yes,I'm not sure,No,Yes,Yes,Yes,No,I'm not sure
2/14/2022 9:24:05,9th,Health and Business,Female,Sort of,Very much,Yes,Yes,I'm not sure,Yes,No,Yes,Yes,Yes,I think so
2/14/2022 9:24:05,10th,STEAM,Female,Not really,No,Yes,Yes,Not at all,No,No,No,Yes,Yes,Not at all
2/14/2022 9:24:06,10th,"Arts, Hospitality, and Education",Female,Very much,Very much,Yes,Yes,I'm not sure,Yes,Yes,Yes,Yes,Yes,I'm not sure
2/14/2022 9:24:07,10th,STEAM,Female,Sort of,Sort of,Yes,Yes,I'm not sure,Yes,Yes,No,Yes,Yes,I think so
2/14/2022 9:24:07,10th,STEAM,Female,Sort of,Very much,Yes,Yes,I'm not sure,Yes,Yes,No,Yes,Yes,I think so
2/14/2022 9:24:07,11th,Health and Business,Female,Not really,Very much,Yes,Yes,I think so,Yes,Yes,Yes,Yes,Yes,Not at all
2/14/2022 9:24:08,11th,"Arts, Hospitality, and Education",Female,Sort of,Very much,Yes,Yes,I think so,Yes,Yes,Yes,Yes,Yes,I'm not sure
2/14/2022 9:24:08,9th,Health and Business,Male,Sort of,Sort of,Yes,Yes,I'm not sure,Yes,No,Yes,Yes,Yes,I'm not sure
2/14/2022 9:24:08,9th,"Arts, Hospitality, and Education",,Not really,Sort of,Yes,No,I'm not sure,No,No,No,Yes,No,I'm not sure
2/14/2022 9:24:09,11th,"Skilled Trades, Security, and Industry",Male,Sort of,Very much,Yes,Yes,Not at all,Yes,Yes,Yes,Yes,No,I'm not sure
2/14/2022 9:24:09,11th,Health and Business,Female,Sort of,Sort of,Yes,Yes,I think so,Yes,Yes,Yes,Yes,Yes,I think so
2/14/2022 9:24:09,11th,"Arts, Hospitality, and Education",Male,Sort of,Sort of,Yes,Yes,I'm not sure,Yes,No,Yes,Yes,Yes,I'm not sure
2/14/2022 9:24:10,10th,"Arts, Hospitality, and Education",Female,Very much,Very much,Yes,Yes,I think so,Yes,Yes,Yes,Yes,Yes,I'm not sure
2/14/2022 9:24:10,9th,"Arts, Hospitality, and Education",Female,Sort of,Sort of,Yes,Yes,I think so,Yes,Yes,Yes,Yes,Yes,I think so
2/14/2022 9:24:10,11th,STEAM,Male,Not really,Very much,No,Yes,I'm not sure,Yes,No,No,Yes,No,I think so
2/14/2022 9:24:12,10th,STEAM,Male,Not really,Sort of,Yes,Yes,I think so,Yes,No,No,Yes,Yes,Not at all
2/14/2022 9:24:13,10th,"Skilled Trades, Security, and Industry",Male,Very much,Very much,Yes,Yes,I'm not sure,Yes,No,Yes,Yes,Yes,I think so
2/14/2022 9:24:14,11th,STEAM,Female,Not really,Sort of,Yes,Yes,Not at all,Yes,Yes,Yes,Yes,Yes,I'm not sure
2/14/2022 9:24:14,9th,,Female,Sort of,Sort of,Yes,Yes,Not at all,Yes,Yes,No,Yes,Yes,I'm not sure
2/14/2022 9:24:14,10th,STEAM,Female,Sort of,Very much,Yes,Yes,Not at all,No,No,No,Yes,Yes,I'm not sure
2/14/2022 9:24:14,11th,TOP,Male,Sort of,Sort of,Yes,Yes,I'm not sure,Yes,No,No,Yes,Yes,I'm not sure
2/14/2022 9:24:14,9th,,Male,Sort of,Sort of,No,Yes,I think so,Yes,Yes,Yes,Yes,Yes,I'm not sure
2/14/2022 9:24:15,12th,"Arts, Hospitality, and Education",Female,Not really,Sort of,No,Yes,I think so,No,No,No,,Yes,I'm not sure
2/14/2022 9:24:15,12th,"Arts, Hospitality, and Education",Male,Sort of,Very much,Yes,Yes,I'm not sure,Yes,Yes,Yes,Yes,Yes,I'm not sure
2/14/2022 9:24:16,10th,Health and Business,Male,Very much,Very much,Yes,Yes,I think so,Yes,Yes,Yes,Yes,Yes,I think so
2/14/2022 9:24:16,9th,STEAM,Male,Very much,Very much,Yes,Yes,I think so,Yes,Yes,Yes,Yes,Yes,I think so
2/14/2022 9:24:16,10th,"Skilled Trades, Security, and Industry",Female,Sort of,Sort of,Yes,Yes,I think so,Yes,Yes,Yes,Yes,Yes,I'm not sure
2/14/2022 9:24:16,11th,"Skilled Trades, Security, and Industry",Male,Sort of,Sort of,Yes,,,Yes,Yes,Yes,Yes,No,I'm not sure
2/14/2022 9:24:17,11th,"Arts, Hospitality, and Education",Male,Sort of,Very much,Yes,Yes,I'm not sure,Yes,No,No,Yes,Yes,I think so
2/14/2022 9:24:17,11th,STEAM,Female,Sort of,Sort of,Yes,Yes,Not at all,Yes,Yes,Yes,Yes,Yes,Not at all
2/14/2022 9:24:17,9th,Health and Business,Female,Sort of,Very much,Yes,Yes,I think so,Yes,No,Yes,Yes,Yes,I'm not sure
2/14/2022 9:24:18,11th,"Arts, Hospitality, and Education",Female,Sort of,Sort of,Yes,Yes,I'm not sure,No,No,No,Yes,Yes,Not at all
2/14/2022 9:24:19,9th,Health and Business,,Sort of,Sort of,Yes,Yes,I'm not sure,Yes,No,,Yes,No,I'm not sure
2/14/2022 9:24:19,10th,Health and Business,Female,Sort of,Sort of,Yes,Yes,Not at all,Yes,No,Yes,Yes,No,I'm not sure
2/14/2022 9:24:19,10th,STEAM,Female,Sort of,No,Yes,Yes,I'm not sure,Yes,No,No,Yes,No,I'm not sure
2/14/2022 9:24:20,10th,"Skilled Trades, Security, and Industry",Male,Sort of,Sort of,Yes,Yes,I'm not sure,Yes,Yes,Yes,Yes,Yes,I think so
2/14/2022 9:24:20,10th,"Arts, Hospitality, and Education",Female,Sort of,Sort of,Yes,Yes,I think so,Yes,Yes,No,Yes,Yes,I think so
2/14/2022 9:24:20,10th,"Skilled Trades, Security, and Industry",Male,Sort of,Very much,Yes,Yes,I think so,Yes,Yes,Yes,Yes,Yes,I think so
2/14/2022 9:24:21,10th,STEAM,Female,Sort of,Very much,Yes,Yes,I'm not sure,Yes,Yes,Yes,Yes,Yes,I'm not sure
2/14/2022 9:24:21,10th,STEAM,Female,Not really,No,Yes,Yes,I think so,No,Yes,No,Yes,Yes,Not at all
2/14/2022 9:24:22,11th,"Skilled Trades, Security, and Industry",Male,Sort of,Sort of,Yes,Yes,I think so,Yes,No,Yes,Yes,Yes,I think so
2/14/2022 9:24:24,9th,,Male,Not really,Very much,Yes,No,I'm not sure,Yes,Yes,No,Yes,No,Not at all
2/14/2022 9:24:24,10th,"Skilled Trades, Security, and Industry",Male,Sort of,No,Yes,No,I'm not sure,Yes,No,No,Yes,Yes,Not at all
2/14/2022 9:24:24,9th,STEAM,Male,Very much,Very much,Yes,Yes,I'm not sure,Yes,No,No,Yes,Yes,I think so
2/14/2022 9:24:25,10th,TOP,Male,Sort of,Very much,Yes,Yes,I think so,Yes,Yes,Yes,Yes,Yes,I'm not sure
2/14/2022 9:24:26,10th,TOP,Male,Sort of,Sort of,Yes,Yes,I'm not sure,Yes,Yes,Yes,Yes,Yes,I'm not sure
2/14/2022 9:24:26,10th,Health and Business,Male,Not really,No,Yes,No,Not at all,Yes,No,No,Yes,No,Not at all
2/14/2022 9:24:26,11th,STEAM,Male,Sort of,Sort of,Yes,Yes,I'm not sure,Yes,Yes,Yes,Yes,Yes,I'm not sure
2/14/2022 9:24:26,10th,"Arts, Hospitality, and Education",Female,Sort of,Sort of,Yes,Yes,I'm not sure,Yes,Yes,Yes,Yes,No,
2/14/2022 9:24:26,11th,"Arts, Hospitality, and Education",Female,Very much,Very much,Yes,Yes,I think so,Yes,Yes,Yes,Yes,Yes,I'm not sure
2/14/2022 9:24:26,9th,"Skilled Trades, Security, and Industry",Male,Very much,Very much,Yes,Yes,I think so,Yes,Yes,Yes,Yes,Yes,I think so
2/14/2022 9:24:27,11th,STEAM,Male,Sort of,Sort of,Yes,No,I'm not sure,Yes,Yes,Yes,Yes,Yes,I'm not sure
2/14/2022 9:24:27,12th,"Skilled Trades, Security, and Industry",Female,Sort of,Very much,No,Yes,I think so,Yes,Yes,No,Yes,Yes,Not at all
2/14/2022 9:24:27,9th,STEAM,Female,Very much,Very much,Yes,Yes,I'm not sure,Yes,No,No,Yes,Yes,I think so
2/14/2022 9:24:28,11th,Health and Business,Male,Very much,Very much,Yes,Yes,I think so,Yes,Yes,Yes,Yes,Yes,I think so
2/14/2022 9:24:29,12th,,Female,Not really,Sort of,Yes,Yes,I'm not sure,No,No,No,No,No,Not at all
2/14/2022 9:24:29,11th,TOP,Female,Not really,Sort of,Yes,Yes,I think so,Yes,No,No,Yes,Yes,I think so
2/14/2022 9:24:30,9th,Health and Business,Female,Very much,Very much,Yes,Yes,I'm not sure,No,Yes,Yes,No,No,I'm not sure
2/14/2022 9:24:30,9th,"Skilled Trades, Security, and Industry",Male,Not really,Sort of,Yes,Yes,I think so,Yes,No,Yes,Yes,Yes,I think so
2/14/2022 9:24:30,11th,Health and Business,Male,Not really,Very much,Yes,No,I'm not sure,Yes,No,No,Yes,Yes,I think so
2/14/2022 9:24:30,10th,STEAM,Male,Sort of,Very much,Yes,Yes,I'm not sure,Yes,Yes,Yes,Yes,Yes,I'm not sure
2/14/2022 9:24:31,10th,"Skilled Trades, Security, and Industry",Male,Very much,Sort of,,No,Not at all,No,Yes,Yes,Yes,Yes,Not at all
2/14/2022 9:24:32,9th,STEAM,Female,Very much,Very much,Yes,Yes,Not at all,Yes,Yes,Yes,Yes,Yes,I'm not sure
2/14/2022 9:24:32,9th,Base Camp,Female,Sort of,Sort of,Yes,Yes,I'm not sure,Yes,Yes,Yes,Yes,No,Not at all
2/14/2022 9:24:32,11th,STEAM,Female,Sort of,Sort of,Yes,Yes,I'm not sure,Yes,Yes,Yes,Yes,No,I'm not sure
2/14/2022 9:24:32,10th,STEAM,Male,Not really,Sort of,Yes,No,I'm not sure,Yes,No,No,Yes,Yes,I'm not sure
2/14/2022 9:24:33,9th,"Arts, Hospitality, and Education",Female,Sort of,Very much,Yes,Yes,I think so,Yes,Yes,Yes,Yes,Yes,I think so
2/14/2022 9:24:35,9th,"Arts, Hospitality, and Education",Female,Sort of,Very much,Yes,Yes,I'm not sure,Yes,Yes,Yes,Yes,Yes,I think so
2/14/2022 9:24:36,10th,"Arts, Hospitality, and Education",Female,Sort of,Sort of,Yes,No,I'm not sure,Yes,Yes,Yes,Yes,Yes,I think so
2/14/2022 9:24:37,10th,Health and Business,Female,Sort of,Sort of,Yes,Yes,I'm not sure,Yes,No,No,Yes,Yes,I think so
2/14/2022 9:24:38,10th,Health and Business,Male,Sort of,Sort of,Yes,Yes,I think so,No,No,No,Yes,Yes,I think so
2/14/2022 9:24:39,11th,Health and Business,Female,Sort of,Sort of,Yes,Yes,I'm not sure,Yes,Yes,Yes,Yes,Yes,I'm not sure
2/14/2022 9:24:39,11th,"Arts, Hospitality, and Education",Female,Not really,Very much,Yes,Yes,I think so,No,No,Yes,Yes,No,I'm not sure
2/14/2022 9:24:39,12th,"Arts, Hospitality, and Education",Female,Sort of,Sort of,Yes,Yes,I'm not sure,Yes,Yes,No,Yes,Yes,I'm not sure
2/14/2022 9:24:40,9th,"Skilled Trades, Security, and Industry",Female,Sort of,Sort of,Yes,Yes,I'm not sure,Yes,Yes,Yes,Yes,Yes,I'm not sure
2/14/2022 9:24:40,12th,"Arts, Hospitality, and Education",Female,Very much,Very much,Yes,Yes,I think so,Yes,Yes,Yes,Yes,Yes,I think so
2/14/2022 9:24:41,9th,,Male,Not really,Sort of,Yes,No,Not at all,Yes,Yes,No,Yes,Yes,I'm not sure
2/14/2022 9:24:41,10th,"Arts, Hospitality, and Education",Male,Not really,No,Yes,Yes,I'm not sure,No,No,No,Yes,Yes,Not at all
2/14/2022 9:24:41,10th,STEAM,Male,Sort of,Very much,Yes,Yes,I think so,Yes,Yes,Yes,Yes,Yes,I think so
2/14/2022 9:24:42,10th,,Male,Sort of,Sort of,Yes,No,I think so,No,No,Yes,Yes,No,I'm not sure
2/14/2022 9:24:42,10th,Health and Business,Female,Sort of,Very much,Yes,Yes,I'm not sure,Yes,Yes,Yes,Yes,Yes,I think so
2/14/2022 9:24:43,10th,Health and Business,Female,Sort of,Very much,Yes,Yes,I'm not sure,No,No,No,Yes,Yes,I'm not sure
2/14/2022 9:24:45,11th,"Arts, Hospitality, and Education",Female,Not really,Sort of,,,Not at all,No,No,No,No,No,Not at all
2/14/2022 9:24:45,10th,,Male,Sort of,No,Yes,Yes,Not at all,Yes,No,No,Yes,Yes,I'm not sure
2/14/2022 9:24:45,9th,TOP,Female,Sort of,Very much,Yes,Yes,I'm not sure,Yes,Yes,No,Yes,Yes,Not at all
2/14/2022 9:24:46,10th,"Arts, Hospitality, and Education",Female,Not really,Very much,Yes,No,Not at all,Yes,No,No,Yes,No,Not at all
2/14/2022 9:24:46,9th,"Arts, Hospitality, and Education",Female,Sort of,Very much,Yes,Yes,I'm not sure,Yes,No,No,Yes,Yes,I think so
2/14/2022 9:24:46,12th,,Female,Sort of,Very much,Yes,Yes,I think so,Yes,Yes,Yes,Yes,Yes,I think so
2/14/2022 9:24:46,11th,"Arts, Hospitality, and Education",Male,Very much,Sort of,Yes,Yes,I'm not sure,Yes,Yes,Yes,Yes,Yes,I think so
2/14/2022 9:24:46,9th,TOP,Female,Not really,Sort of,Yes,Yes,I'm not sure,Yes,No,No,Yes,Yes,I'm not sure
2/14/2022 9:24:47,9th,"Skilled Trades, Security, and Industry",Male,Very much,Very much,Yes,Yes,I think so,Yes,No,No,Yes,Yes,I'm not sure
2/14/2022 9:24:47,9th,"Skilled Trades, Security, and Industry",Male,Sort of,Very much,Yes,Yes,I think so,Yes,Yes,Yes,Yes,Yes,I'm not sure
2/14/2022 9:24:47,9th,"Arts, Hospitality, and Education",Female,Sort of,Sort of,Yes,Yes,I'm not sure,Yes,Yes,Yes,Yes,Yes,I'm not sure
2/14/2022 9:24:49,9th,"Skilled Trades, Security, and Industry",Male,Sort of,Sort of,Yes,No,Not at all,Yes,No,Yes,Yes,Yes,I'm not sure
2/14/2022 9:24:49,12th,STEAM,Male,Sort of,Sort of,Yes,Yes,I think so,Yes,Yes,Yes,Yes,Yes,I think so
2/14/2022 9:24:49,10th,"Arts, Hospitality, and Education",Female,Sort of,Very much,Yes,No,I'm not sure,Yes,Yes,Yes,Yes,Yes,I'm not sure
2/14/2022 9:24:50,9th,STEAM,Male,Not really,Sort of,Yes,Yes,Not at all,No,No,No,Yes,Yes,I'm not sure
2/14/2022 9:24:50,10th,STEAM,Male,Sort of,Very much,Yes,Yes,I'm not sure,Yes,Yes,Yes,Yes,Yes,I'm not sure
2/14/2022 9:24:52,9th,"Skilled Trades, Security, and Industry",Female,Sort of,Very much,Yes,Yes,I'm not sure,Yes,Yes,Yes,Yes,Yes,I think so
2/14/2022 9:24:52,11th,"Skilled Trades, Security, and Industry",Female,Sort of,Very much,Yes,Yes,I think so,Yes,Yes,Yes,Yes,Yes,I think so
2/14/2022 9:24:52,12th,Base Camp,Female,Very much,Very much,Yes,Yes,I think so,Yes,Yes,Yes,Yes,Yes,I think so
2/14/2022 9:24:52,9th,Base Camp,Female,Not really,No,Yes,No,Not at all,No,No,No,Yes,No,Not at all
2/14/2022 9:24:53,11th,STEAM,Female,Sort of,Sort of,Yes,Yes,I'm not sure,Yes,Yes,Yes,Yes,Yes,I'm not sure
2/14/2022 9:24:53,9th,,Male,Very much,Very much,Yes,Yes,I'm not sure,Yes,Yes,Yes,Yes,Yes,I'm not sure
2/14/2022 9:24:53,11th,Health and Business,Female,Sort of,Very much,Yes,Yes,I'm not sure,No,No,No,Yes,No,Not at all
2/14/2022 9:24:54,10th,Health and Business,Female,Not really,Sort of,Yes,No,I'm not sure,Yes,Yes,Yes,Yes,No,Not at all
2/14/2022 9:24:54,11th,Health and Business,Female,Sort of,Very much,Yes,Yes,I think so,No,No,Yes,No,No,I'm not sure
2/14/2022 9:24:54,9th,"Arts, Hospitality, and Education",Male,Sort of,Very much,Yes,Yes,I think so,Yes,Yes,Yes,Yes,Yes,I think so
2/14/2022 9:24:56,11th,"Skilled Trades, Security, and Industry",Male,Not really,Sort of,Yes,No,I'm not sure,Yes,No,No,Yes,Yes,Not at all
2/14/2022 9:24:56,9th,"Skilled Trades, Security, and Industry",Male,Sort of,Very much,,No,I'm not sure,Yes,No,Yes,Yes,Yes,I'm not sure
2/14/2022 9:24:58,10th,"Skilled Trades, Security, and Industry",,Very much,Very much,Yes,Yes,I'm not sure,Yes,Yes,Yes,Yes,Yes,I think so
2/14/2022 9:24:58,10th,Health and Business,Female,Not really,Sort of,Yes,Yes,I'm not sure,Yes,Yes,Yes,Yes,Yes,I'm not sure
2/14/2022 9:25:00,11th,"Arts, Hospitality, and Education",Male,Not really,Sort of,Yes,Yes,Not at all,Yes,No,No,Yes,No,Not at all
2/14/2022 9:25:01,9th,"Arts, Hospitality, and Education",Female,Sort of,Very much,Yes,Yes,I'm not sure,Yes,No,Yes,Yes,Yes,I think so
2/14/2022 9:25:01,12th,Health and Business,Female,Not really,Sort of,Yes,Yes,I'm not sure,Yes,Yes,No,Yes,Yes,Not at all
2/14/2022 9:25:01,9th,Health and Business,Female,Sort of,Very much,Yes,Yes,I'm not sure,Yes,No,No,Yes,No,I'm not sure
2/14/2022 9:25:01,9th,Health and Business,Female,Very much,Very much,Yes,Yes,I think so,Yes,Yes,Yes,Yes,Yes,I think so
2/14/2022 9:25:02,11th,STEAM,Male,Sort of,Very much,Yes,Yes,Not at all,No,No,No,No,No,Not at all
2/14/2022 9:25:02,12th,"Skilled Trades, Security, and Industry",Male,Sort of,Sort of,Yes,Yes,I think so,Yes,No,Yes,Yes,Yes,I think so
2/14/2022 9:25:02,12th,STEAM,Male,Very much,Very much,Yes,Yes,I think so,Yes,Yes,Yes,Yes,Yes,I'm not sure
2/14/2022 9:25:03,10th,Health and Business,Female,Sort of,Very much,Yes,Yes,I'm not sure,Yes,Yes,No,Yes,Yes,I think so
2/14/2022 9:25:03,9th,"Arts, Hospitality, and Education",Female,Sort of,Very much,Yes,Yes,I think so,Yes,Yes,Yes,Yes,Yes,I think so
2/14/2022 9:25:05,10th,Health and Business,Female,Sort of,Very much,Yes,Yes,I'm not sure,Yes,Yes,Yes,Yes,Yes,I'm not sure
2/14/2022 9:25:06,11th,"Skilled Trades, Security, and Industry",Male,Not really,No,Yes,Yes,I'm not sure,No,No,No,Yes,Yes,Not at all
2/14/2022 9:25:07,11th,"Skilled Trades, Security, and Industry",Male,Sort of,Sort of,Yes,Yes,Not at all,Yes,Yes,No,Yes,Yes,Not at all
2/14/2022 9:25:07,9th,STEAM,Female,Sort of,Very much,Yes,Yes,I'm not sure,Yes,No,No,Yes,Yes,I'm not sure
2/14/2022 9:25:07,9th,Health and Business,Female,Not really,Sort of,Yes,Yes,Not at all,No,No,No,Yes,No,I'm not sure
2/14/2022 9:25:08,9th,STEAM,Female,Sort of,Very much,Yes,Yes,I'm not sure,Yes,Yes,Yes,Yes,Yes,I think so
2/14/2022 9:25:08,9th,STEAM,Male,Sort of,Sort of,Yes,No,Not at all,No,No,No,Yes,Yes,I'm not sure
2/14/2022 9:25:09,10th,STEAM,Female,Sort of,Very much,Yes,No,Not at all,No,No,No,Yes,No,I'm not sure
2/14/2022 9:25:10,9th,TOP,Male,Not really,Sort of,Yes,Yes,I think so,Yes,No,Yes,No,No,I think so
2/14/2022 9:25:11,9th,Base Camp,Male,Sort of,Sort of,Yes,Yes,I think so,Yes,Yes,Yes,Yes,Yes,I think so
2/14/2022 9:25:11,12th,Health and Business,Female,Not really,Sort of,Yes,Yes,Not at all,Yes,No,No,Yes,No,Not at all
2/14/2022 9:25:13,11th,"Arts, Hospitality, and Education",Female,Very much,Very much,Yes,Yes,I'm not sure,Yes,Yes,Yes,Yes,Yes,I think so
2/14/2022 9:25:14,9th,"Skilled Trades, Security, and Industry",Female,Sort of,Sort of,Yes,Yes,I'm not sure,Yes,Yes,Yes,Yes,Yes,I think so
2/14/2022 9:25:16,9th,Health and Business,Male,Sort of,Very much,Yes,Yes,I think so,Yes,Yes,Yes,Yes,Yes,I think so
2/14/2022 9:25:17,10th,"Arts, Hospitality, and Education",Male,Very much,Very much,Yes,Yes,I think so,Yes,Yes,Yes,Yes,Yes,I think so
2/14/2022 9:25:17,11th,"Arts, Hospitality, and Education",Male,Sort of,Sort of,Yes,Yes,I'm not sure,Yes,No,Yes,Yes,No,I'm not sure
2/14/2022 9:25:17,12th,"Arts, Hospitality, and Education",Male,Sort of,Very much,Yes,Yes,I think so,Yes,Yes,Yes,Yes,Yes,I'm not sure
2/14/2022 9:25:18,9th,,Male,Sort of,Very much,Yes,Yes,I think so,Yes,Yes,Yes,Yes,Yes,I think so
2/14/2022 9:25:18,10th,Health and Business,Female,Not really,No,Yes,No,Not at all,No,No,No,No,No,Not at all
2/14/2022 9:25:18,10th,Health and Business,Female,Not really,No,Yes,Yes,Not at all,Yes,No,No,Yes,Yes,I think so
2/14/2022 9:25:19,10th,"Arts, Hospitality, and Education",Female,Sort of,Sort of,Yes,Yes,Not at all,No,No,No,Yes,Yes,Not at all
2/14/2022 9:25:20,10th,"Skilled Trades, Security, and Industry",Male,Not really,Sort of,Yes,Yes,I'm not sure,Yes,Yes,Yes,Yes,Yes,I'm not sure
2/14/2022 9:25:20,11th,STEAM,Male,Not really,No,No,Yes,Not at all,No,No,No,Yes,Yes,Not at all
2/14/2022 9:25:21,11th,Health and Business,Female,Sort of,Very much,Yes,Yes,I think so,Yes,No,No,Yes,Yes,Not at all
2/14/2022 9:25:22,9th,"Skilled Trades, Security, and Industry",Female,Very much,Very much,Yes,Yes,I'm not sure,Yes,Yes,Yes,Yes,Yes,I think so
2/14/2022 9:25:23,11th,STEAM,Male,Sort of,Sort of,Yes,Yes,Not at all,Yes,No,Yes,Yes,No,I'm not sure
2/14/2022 9:25:24,10th,Health and Business,Male,Sort of,Very much,Yes,Yes,I think so,Yes,Yes,Yes,Yes,Yes,I think so
2/14/2022 9:25:24,10th,,Male,Not really,No,Yes,Yes,Not at all,No,No,No,Yes,No,Not at all
2/14/2022 9:25:25,11th,STEAM,Female,Sort of,Very much,No,Yes,I think so,Yes,Yes,No,Yes,No,I think so
2/14/2022 9:25:26,10th,"Arts, Hospitality, and Education",Female,Sort of,Very much,Yes,Yes,I'm not sure,Yes,Yes,Yes,Yes,No,I think so
2/14/2022 9:25:26,11th,STEAM,Male,Not really,Sort of,Yes,Yes,I'm not sure,No,No,No,Yes,No,I'm not sure
2/14/2022 9:25:26,10th,STEAM,Male,Very much,Very much,Yes,Yes,I think so,Yes,Yes,Yes,Yes,Yes,I think so
2/14/2022 9:25:27,12th,"Arts, Hospitality, and Education",Male,Sort of,Sort of,Yes,Yes,I'm not sure,No,Yes,Yes,Yes,Yes,Not at all
2/14/2022 9:25:28,10th,Health and Business,Female,Not really,Sort of,Yes,Yes,I'm not sure,Yes,Yes,Yes,Yes,Yes,I think so
2/14/2022 9:25:28,10th,TOP,Male,Sort of,Very much,Yes,Yes,I'm not sure,Yes,Yes,Yes,Yes,Yes,I think so
2/14/2022 9:25:30,11th,Health and Business,,Very much,Very much,Yes,Yes,I think so,Yes,Yes,Yes,Yes,Yes,I think so
2/14/2022 9:25:31,11th,"Arts, Hospitality, and Education",Female,Sort of,Very much,Yes,Yes,I'm not sure,Yes,No,Yes,Yes,Yes,I'm not sure
2/14/2022 9:25:31,12th,Health and Business,Female,Sort of,Very much,Yes,Yes,I think so,Yes,Yes,Yes,Yes,Yes,I think so
2/14/2022 9:25:32,10th,"Arts, Hospitality, and Education",Female,Sort of,Very much,Yes,Yes,I think so,Yes,Yes,Yes,Yes,Yes,I think so
2/14/2022 9:25:32,10th,Health and Business,Female,Very much,Sort of,Yes,Yes,I think so,Yes,Yes,Yes,Yes,Yes,Not at all
2/14/2022 9:25:32,10th,"Arts, Hospitality, and Education",Female,Sort of,Sort of,Yes,Yes,I'm not sure,No,No,No,Yes,Yes,I'm not sure
2/14/2022 9:25:32,10th,Health and Business,Male,Very much,Very much,Yes,Yes,I think so,Yes,Yes,Yes,Yes,Yes,I think so
2/14/2022 9:25:34,9th,STEAM,Male,Sort of,Very much,Yes,Yes,I'm not sure,Yes,No,No,Yes,Yes,I'm not sure
2/14/2022 9:25:34,12th,"Arts, Hospitality, and Education",Male,Sort of,Very much,Yes,Yes,I'm not sure,Yes,Yes,Yes,Yes,Yes,I'm not sure
2/14/2022 9:25:35,9th,Health and Business,Female,Not really,No,Yes,No,Not at all,No,No,No,Yes,Yes,Not at all
2/14/2022 9:25:35,10th,"Arts, Hospitality, and Education",Male,Not really,Very much,Yes,Yes,I'm not sure,Yes,Yes,Yes,Yes,Yes,Not at all
2/14/2022 9:25:37,9th,TOP,Female,Not really,Sort of,Yes,Yes,Not at all,No,No,No,No,No,I'm not sure
2/14/2022 9:25:37,9th,"Arts, Hospitality, and Education",Male,Sort of,Sort of,Yes,Yes,I'm not sure,Yes,Yes,,Yes,Yes,I'm not sure
2/14/2022 9:25:38,9th,,Male,Sort of,Very much,Yes,Yes,I think so,Yes,Yes,Yes,Yes,Yes,I'm not sure
2/14/2022 9:25:39,12th,"Arts, Hospitality, and Education",Female,Sort of,No,No,No,I think so,No,No,No,Yes,No,I'm not sure
2/14/2022 9:25:39,12th,"Arts, Hospitality, and Education",Female,Not really,No,Yes,Yes,I think so,Yes,Yes,Yes,Yes,Yes,Not at all
2/14/2022 9:25:39,10th,STEAM,Male,Sort of,Very much,Yes,Yes,I think so,Yes,Yes,Yes,Yes,Yes,I'm not sure
2/14/2022 9:25:40,11th,Health and Business,Female,Not really,Sort of,Yes,Yes,Not at all,Yes,Yes,Yes,Yes,Yes,I'm not sure
2/14/2022 9:25:40,9th,Health and Business,Female,Sort of,Very much,Yes,Yes,I think so,Yes,Yes,Yes,Yes,Yes,I think so
2/14/2022 9:25:40,11th,Health and Business,Female,Not really,Sort of,Yes,Yes,Not at all,Yes,Yes,Yes,Yes,Yes,I think so
2/14/2022 9:25:40,12th,Health and Business,Male,Sort of,Very much,Yes,Yes,I'm not sure,Yes,Yes,No,Yes,Yes,I'm not sure
2/14/2022 9:25:40,9th,,Male,Not really,Sort of,Yes,Yes,I think so,Yes,Yes,Yes,Yes,Yes,I think so
2/14/2022 9:25:41,9th,,,Very much,Sort of,Yes,Yes,Not at all,Yes,Yes,No,Yes,Yes,I think so
2/14/2022 9:25:42,9th,"Arts, Hospitality, and Education",Male,Very much,Sort of,Yes,Yes,I think so,Yes,Yes,Yes,Yes,Yes,I think so
2/14/2022 9:25:42,9th,"Skilled Trades, Security, and Industry",Female,Very much,Very much,Yes,Yes,I'm not sure,Yes,Yes,Yes,Yes,Yes,I think so
2/14/2022 9:25:43,9th,"Skilled Trades, Security, and Industry",Male,Not really,Very much,Yes,Yes,I'm not sure,Yes,Yes,Yes,Yes,Yes,I'm not sure
2/14/2022 9:25:44,11th,"Arts, Hospitality, and Education",Female,Sort of,Sort of,Yes,Yes,I'm not sure,Yes,Yes,Yes,Yes,Yes,I think so
2/14/2022 9:25:44,12th,"Skilled Trades, Security, and Industry",Male,Very much,Very much,Yes,No,I'm not sure,Yes,Yes,No,No,No,I think so
2/14/2022 9:25:45,10th,"Arts, Hospitality, and Education",Female,Not really,Very much,Yes,Yes,Not at all,Yes,Yes,Yes,Yes,Yes,Not at all
2/14/2022 9:25:45,9th,"Arts, Hospitality, and Education",Female,Not really,Sort of,Yes,Yes,I'm not sure,No,Yes,No,Yes,Yes,I'm not sure
2/14/2022 9:25:46,9th,"Arts, Hospitality, and Education",Female,Not really,No,Yes,Yes,Not at all,Yes,Yes,No,Yes,Yes,Not at all
2/14/2022 9:25:47,9th,,Male,Not really,No,Yes,Yes,I'm not sure,Yes,No,No,Yes,Yes,Not at all
2/14/2022 9:25:47,11th,"Skilled Trades, Security, and Industry",Male,Sort of,Sort of,Yes,Yes,I'm not sure,Yes,No,No,Yes,No,I'm not sure
2/14/2022 9:25:48,10th,"Skilled Trades, Security, and Industry",Male,Sort of,Sort of,Yes,Yes,I'm not sure,Yes,Yes,No,Yes,Yes,I'm not sure
2/14/2022 9:25:50,11th,"Skilled Trades, Security, and Industry",Male,Not really,No,No,Yes,I'm not sure,Yes,No,No,No,No,I'm not sure
2/14/2022 9:25:50,9th,"Arts, Hospitality, and Education",Female,Sort of,Sort of,Yes,No,I'm not sure,Yes,No,No,Yes,No,Not at all
2/14/2022 9:25:52,12th,Health and Business,Male,Sort of,Very much,Yes,Yes,I think so,Yes,Yes,Yes,Yes,Yes,I think so
2/14/2022 9:25:54,11th,Health and Business,Female,Not really,Sort of,Yes,Yes,Not at all,Yes,Yes,No,Yes,Yes,Not at all
2/14/2022 9:25:54,12th,"Arts, Hospitality, and Education",Female,Not really,No,Yes,Yes,I'm not sure,Yes,Yes,Yes,Yes,Yes,I'm not sure
2/14/2022 9:25:54,9th,"Arts, Hospitality, and Education",Female,Sort of,Sort of,Yes,Yes,I think so,Yes,No,Yes,Yes,Yes,I think so
2/14/2022 9:25:54,10th,"Arts, Hospitality, and Education",Female,Sort of,Very much,Yes,Yes,I'm not sure,Yes,Yes,Yes,Yes,Yes,I'm not sure
2/14/2022 9:25:55,9th,"Skilled Trades, Security, and Industry",Female,Very much,Very much,Yes,Yes,I think so,Yes,No,Yes,Yes,Yes,I think so
2/14/2022 9:25:55,9th,Base Camp,Male,Sort of,Sort of,Yes,Yes,I'm not sure,Yes,Yes,No,Yes,Yes,I think so
2/14/2022 9:25:56,11th,Health and Business,Female,Sort of,Sort of,Yes,Yes,I'm not sure,Yes,Yes,Yes,Yes,Yes,I think so
2/14/2022 9:25:56,12th,"Skilled Trades, Security, and Industry",Female,Very much,Very much,No,Yes,I'm not sure,Yes,Yes,Yes,Yes,Yes,I'm not sure
2/14/2022 9:25:57,12th,"Arts, Hospitality, and Education",Female,Very much,Very much,Yes,Yes,Not at all,Yes,Yes,No,Yes,Yes,Not at all
2/14/2022 9:25:58,10th,TOP,Female,Not really,No,Yes,Yes,I'm not sure,Yes,Yes,Yes,Yes,Yes,Not at all
2/14/2022 9:25:59,10th,TOP,Male,Sort of,Very much,Yes,Yes,I'm not sure,Yes,Yes,Yes,Yes,Yes,I'm not sure
2/14/2022 9:26:00,12th,Health and Business,Male,Sort of,Very much,Yes,Yes,I'm not sure,Yes,Yes,No,Yes,Yes,I'm not sure
2/14/2022 9:26:00,12th,"Arts, Hospitality, and Education",Female,Not really,Sort of,Yes,Yes,I'm not sure,No,Yes,Yes,Yes,No,I'm not sure
2/14/2022 9:26:01,12th,"Arts, Hospitality, and Education",Male,Sort of,Sort of,Yes,No,Not at all,No,Yes,Yes,Yes,Yes,I'm not sure
2/14/2022 9:26:02,11th,Health and Business,Male,Sort of,Very much,Yes,Yes,Not at all,Yes,No,No,Yes,Yes,I'm not sure
2/14/2022 9:26:03,11th,STEAM,Female,Very much,Very much,Yes,Yes,Not at all,Yes,Yes,Yes,Yes,Yes,I think so
2/14/2022 9:26:04,9th,,Male,Sort of,No,Yes,Yes,I'm not sure,Yes,No,No,Yes,Yes,I'm not sure
2/14/2022 9:26:05,11th,STEAM,Female,Very much,Sort of,Yes,Yes,I think so,Yes,No,Yes,Yes,Yes,I think so
2/14/2022 9:26:08,10th,STEAM,Male,Very much,Very much,Yes,Yes,I think so,Yes,Yes,Yes,Yes,No,I think so
2/14/2022 9:26:08,10th,"Arts, Hospitality, and Education",Female,Sort of,Very much,Yes,Yes,Not at all,Yes,No,No,Yes,Yes,I think so
2/14/2022 9:26:08,10th,STEAM,Male,Not really,Very much,Yes,Yes,I'm not sure,Yes,Yes,Yes,Yes,Yes,I think so
2/14/2022 9:26:09,10th,,Female,Sort of,Very much,Yes,Yes,I think so,Yes,Yes,Yes,Yes,Yes,I think so
2/14/2022 9:26:09,9th,Base Camp,Male,Not really,No,Yes,No,Not at all,Yes,No,No,Yes,No,Not at all
2/14/2022 9:26:10,10th,,Female,Sort of,Sort of,Yes,No,I think so,Yes,No,No,Yes,Yes,I think so
2/14/2022 9:26:10,9th,"Skilled Trades, Security, and Industry",Female,Sort of,Sort of,Yes,Yes,I'm not sure,Yes,Yes,Yes,Yes,Yes,I think so
2/14/2022 9:26:10,9th,Health and Business,Female,Very much,Very much,Yes,Yes,I think so,Yes,Yes,Yes,Yes,Yes,I think so
2/14/2022 9:26:11,9th,Base Camp,Female,Not really,Sort of,Yes,No,I'm not sure,No,No,No,Yes,No,I'm not sure
2/14/2022 9:26:11,10th,Health and Business,Male,Not really,No,Yes,No,I think so,Yes,No,No,Yes,No,Not at all
2/14/2022 9:26:13,12th,STEAM,Male,Very much,Very much,Yes,Yes,I think so,Yes,Yes,Yes,Yes,Yes,I think so
2/14/2022 9:26:13,9th,TOP,Male,Not really,Very much,Yes,Yes,I think so,Yes,Yes,Yes,Yes,Yes,Not at all
2/14/2022 9:26:14,10th,"Skilled Trades, Security, and Industry",Male,Sort of,Sort of,Yes,Yes,I'm not sure,Yes,No,No,Yes,No,Not at all
2/14/2022 9:26:16,9th,,Male,Not really,Sort of,Yes,No,I'm not sure,Yes,No,No,Yes,No,I'm not sure
2/14/2022 9:26:16,9th,Health and Business,Male,Not really,Sort of,Yes,Yes,Not at all,Yes,Yes,Yes,Yes,Yes,Not at all
2/14/2022 9:26:16,12th,STEAM,Male,Very much,Very much,Yes,Yes,I think so,Yes,Yes,Yes,Yes,Yes,I think so
2/14/2022 9:26:18,9th,TOP,Male,Sort of,Very much,Yes,Yes,I think so,Yes,Yes,Yes,Yes,Yes,I think so
2/14/2022 9:26:18,12th,Health and Business,Male,Sort of,Very much,Yes,Yes,I think so,Yes,Yes,Yes,Yes,Yes,I'm not sure
2/14/2022 9:26:18,11th,"Arts, Hospitality, and Education",Female,Sort of,Sort of,Yes,Yes,I think so,Yes,Yes,Yes,Yes,Yes,I think so
2/14/2022 9:26:18,12th,"Arts, Hospitality, and Education",Female,Sort of,Sort of,Yes,Yes,I think so,Yes,Yes,Yes,Yes,Yes,I'm not sure
2/14/2022 9:26:19,12th,Health and Business,Female,Sort of,Sort of,Yes,Yes,I think so,Yes,Yes,Yes,Yes,Yes,I think so
2/14/2022 9:26:19,12th,STEAM,Male,Sort of,Sort of,Yes,Yes,I think so,Yes,Yes,No,Yes,Yes,I'm not sure
2/14/2022 9:26:21,11th,"Skilled Trades, Security, and Industry",Male,Sort of,Very much,Yes,Yes,I think so,Yes,No,No,Yes,Yes,I'm not sure
2/14/2022 9:26:21,9th,"Skilled Trades, Security, and Industry",Male,Sort of,Very much,Yes,Yes,I think so,Yes,Yes,Yes,Yes,Yes,I think so
2/14/2022 9:26:22,10th,STEAM,Male,Sort of,Very much,Yes,Yes,I'm not sure,Yes,Yes,Yes,Yes,Yes,I'm not sure
2/14/2022 9:26:23,10th,TOP,Male,Not really,Sort of,Yes,Yes,I think so,Yes,Yes,Yes,Yes,Yes,I'm not sure
2/14/2022 9:26:24,9th,Health and Business,Female,Sort of,Very much,Yes,Yes,I'm not sure,Yes,Yes,Yes,Yes,Yes,I think so
2/14/2022 9:26:24,10th,TOP,Female,Not really,No,Yes,No,I'm not sure,No,No,No,No,No,Not at all
2/14/2022 9:26:25,9th,Health and Business,Female,Sort of,Sort of,Yes,Yes,Not at all,Yes,No,No,Yes,No,I'm not sure
2/14/2022 9:26:25,9th,,Female,Sort of,Sort of,Yes,No,Not at all,Yes,No,Yes,Yes,Yes,I'm not sure
2/14/2022 9:26:26,11th,Health and Business,Female,Not really,No,Yes,Yes,I'm not sure,No,Yes,No,Yes,Yes,Not at all
2/14/2022 9:26:26,11th,STEAM,Male,Sort of,Very much,Yes,Yes,I'm not sure,Yes,No,No,Yes,Yes,I think so
2/14/2022 9:26:26,11th,"Arts, Hospitality, and Education",Female,Sort of,Very much,Yes,Yes,I'm not sure,Yes,Yes,Yes,Yes,Yes,I think so
2/14/2022 9:26:27,11th,STEAM,Female,Sort of,Sort of,Yes,Yes,I think so,Yes,Yes,Yes,Yes,Yes,Not at all
2/14/2022 9:26:30,11th,Health and Business,Male,Not really,No,Yes,Yes,Not at all,Yes,No,No,Yes,Yes,Not at all
2/14/2022 9:26:30,10th,TOP,Female,Not really,No,Yes,No,Not at all,No,No,No,No,No,Not at all
2/14/2022 9:26:34,11th,"Skilled Trades, Security, and Industry",Male,Sort of,Sort of,Yes,Yes,I'm not sure,Yes,No,Yes,Yes,Yes,I'm not sure
2/14/2022 9:26:35,11th,Health and Business,Male,Sort of,Very much,Yes,Yes,I'm not sure,Yes,No,Yes,Yes,Yes,I'm not sure
2/14/2022 9:26:35,11th,"Arts, Hospitality, and Education",Female,Not really,Sort of,Yes,Yes,Not at all,No,No,No,Yes,No,Not at all
2/14/2022 9:26:36,9th,Health and Business,Female,Sort of,Sort of,Yes,Yes,I'm not sure,Yes,No,No,Yes,Yes,I think so
2/14/2022 9:26:37,9th,,Male,Very much,Sort of,Yes,Yes,I'm not sure,Yes,No,Yes,Yes,Yes,I'm not sure
2/14/2022 9:26:37,12th,,Male,Very much,Very much,Yes,Yes,I think so,Yes,Yes,Yes,Yes,Yes,I think so
2/14/2022 9:26:37,11th,,Male,Very much,Sort of,Yes,Yes,I think so,Yes,Yes,Yes,Yes,Yes,I think so
2/14/2022 9:26:38,10th,Health and Business,Male,Sort of,Sort of,Yes,Yes,I think so,Yes,Yes,Yes,Yes,Yes,I'm not sure
2/14/2022 9:26:38,9th,Health and Business,Male,Not really,Sort of,Yes,Yes,I'm not sure,Yes,No,Yes,Yes,Yes,Not at all
2/14/2022 9:26:42,10th,Health and Business,Female,Sort of,Very much,Yes,Yes,I think so,Yes,Yes,Yes,Yes,No,I think so
2/14/2022 9:26:42,11th,,Male,Sort of,Very much,Yes,Yes,I'm not sure,Yes,Yes,Yes,Yes,No,Not at all
2/14/2022 9:26:44,9th,,Male,Sort of,Very much,Yes,Yes,I think so,Yes,Yes,No,Yes,Yes,I'm not sure
2/14/2022 9:26:48,9th,"Arts, Hospitality, and Education",Male,Not really,Very much,Yes,Yes,I'm not sure,Yes,Yes,No,Yes,Yes,I'm not sure
2/14/2022 9:26:50,9th,"Skilled Trades, Security, and Industry",Male,Not really,Sort of,Yes,Yes,I'm not sure,Yes,,Yes,Yes,Yes,I'm not sure
2/14/2022 9:26:51,12th,"Arts, Hospitality, and Education",Female,Sort of,Sort of,Yes,Yes,I'm not sure,Yes,Yes,No,Yes,Yes,I'm not sure
2/14/2022 9:26:51,12th,,Female,Sort of,Very much,Yes,Yes,I think so,Yes,No,Yes,Yes,Yes,I think so
2/14/2022 9:26:51,9th,Base Camp,Male,Not really,Sort of,Yes,No,I'm not sure,Yes,Yes,Yes,Yes,Yes,I'm not sure
2/14/2022 9:26:52,9th,"Skilled Trades, Security, and Industry",Male,Sort of,Sort of,Yes,Yes,I'm not sure,Yes,No,No,Yes,Yes,I think so
2/14/2022 9:26:52,9th,"Arts, Hospitality, and Education",Female,Very much,Very much,Yes,Yes,I think so,Yes,Yes,Yes,Yes,Yes,I think so
2/14/2022 9:26:52,10th,Health and Business,Female,Sort of,Sort of,Yes,Yes,I think so,Yes,No,No,Yes,No,I think so
2/14/2022 9:26:54,9th,Base Camp,Male,Not really,No,Yes,No,I'm not sure,No,No,No,Yes,No,I'm not sure
2/14/2022 9:26:54,12th,STEAM,Male,Not really,No,Yes,Yes,Not at all,Yes,Yes,No,Yes,Yes,Not at all
2/14/2022 9:26:55,11th,"Arts, Hospitality, and Education",Female,Sort of,Very much,Yes,Yes,I think so,Yes,Yes,Yes,Yes,Yes,I think so
2/14/2022 9:26:58,11th,STEAM,Male,Sort of,Very much,Yes,Yes,I think so,Yes,Yes,Yes,Yes,Yes,I think so
2/14/2022 9:26:58,9th,Health and Business,Female,Sort of,Sort of,Yes,Yes,I'm not sure,Yes,Yes,Yes,Yes,Yes,I'm not sure
2/14/2022 9:26:59,12th,Health and Business,Male,Very much,Sort of,Yes,Yes,I'm not sure,Yes,Yes,Yes,Yes,Yes,I'm not sure
2/14/2022 9:26:59,10th,"Skilled Trades, Security, and Industry",Female,Not really,Very much,Yes,Yes,I'm not sure,Yes,Yes,Yes,Yes,Yes,Not at all
2/14/2022 9:27:00,10th,Health and Business,Female,Sort of,Very much,Yes,Yes,I'm not sure,Yes,Yes,Yes,,Yes,I'm not sure
2/14/2022 9:27:01,10th,,Male,Sort of,Very much,Yes,Yes,I think so,Yes,Yes,Yes,Yes,Yes,I think so
2/14/2022 9:27:02,12th,"Skilled Trades, Security, and Industry",Male,Sort of,No,Yes,No,I'm not sure,Yes,No,Yes,Yes,Yes,I'm not sure
2/14/2022 9:27:03,10th,Health and Business,Female,Not really,Very much,No,No,I'm not sure,Yes,No,No,Yes,Yes,I think so
2/14/2022 9:27:04,11th,TOP,Male,Sort of,Sort of,Yes,Yes,I'm not sure,No,Yes,Yes,Yes,Yes,I'm not sure
2/14/2022 9:27:04,9th,TOP,Male,Sort of,Sort of,Yes,Yes,I think so,Yes,Yes,Yes,Yes,Yes,I think so
2/14/2022 9:27:07,9th,Base Camp,Female,Not really,No,Yes,Yes,I'm not sure,Yes,Yes,No,Yes,Yes,I'm not sure
2/14/2022 9:27:07,9th,"Skilled Trades, Security, and Industry",Male,Sort of,Sort of,Yes,Yes,I'm not sure,Yes,Yes,Yes,Yes,Yes,I think so
2/14/2022 9:27:08,10th,Health and Business,Female,Not really,Sort of,Yes,Yes,I'm not sure,Yes,No,No,Yes,Yes,I'm not sure
2/14/2022 9:27:09,10th,Health and Business,Female,Sort of,Very much,Yes,Yes,I'm not sure,Yes,No,No,Yes,Yes,I'm not sure
2/14/2022 9:27:11,9th,"Skilled Trades, Security, and Industry",Male,Sort of,Very much,Yes,Yes,I think so,Yes,Yes,Yes,Yes,Yes,I think so
2/14/2022 9:27:13,12th,Health and Business,Female,Very much,Very much,Yes,Yes,I think so,Yes,Yes,Yes,Yes,Yes,I think so
2/14/2022 9:27:14,9th,Health and Business,Female,Sort of,Very much,Yes,Yes,I think so,Yes,Yes,Yes,Yes,Yes,I think so
2/14/2022 9:27:15,11th,STEAM,Male,Sort of,Very much,Yes,Yes,Not at all,No,Yes,No,Yes,No,I'm not sure
2/14/2022 9:27:15,12th,,Male,Sort of,Sort of,Yes,Yes,Not at all,Yes,No,No,Yes,Yes,I'm not sure
2/14/2022 9:27:17,9th,STEAM,Male,Sort of,Very much,Yes,Yes,I think so,Yes,Yes,Yes,Yes,Yes,I think so
2/14/2022 9:27:19,10th,"Skilled Trades, Security, and Industry",Male,Very much,Very much,Yes,Yes,I think so,Yes,Yes,Yes,Yes,Yes,I think so
2/14/2022 9:27:21,9th,Base Camp,Male,Sort of,Very much,Yes,Yes,I'm not sure,Yes,No,Yes,Yes,Yes,I think so
2/14/2022 9:27:21,9th,STEAM,Female,Very much,Very much,Yes,Yes,I'm not sure,Yes,Yes,Yes,Yes,Yes,I think so
2/14/2022 9:27:21,10th,"Arts, Hospitality, and Education",Female,Not really,Sort of,Yes,Yes,Not at all,Yes,No,No,Yes,No,Not at all
2/14/2022 9:27:22,11th,STEAM,Male,Sort of,Sort of,Yes,Yes,I'm not sure,Yes,Yes,Yes,Yes,No,I'm not sure
2/14/2022 9:27:23,10th,TOP,Male,Not really,Sort of,Yes,Yes,I'm not sure,Yes,Yes,Yes,Yes,No,Not at all
2/14/2022 9:27:23,12th,STEAM,Female,Not really,Sort of,Yes,Yes,I'm not sure,Yes,No,No,Yes,Yes,Not at all
2/14/2022 9:27:23,10th,Health and Business,Female,Sort of,Very much,Yes,Yes,I'm not sure,,Yes,No,Yes,Yes,I think so
2/14/2022 9:27:25,11th,"Skilled Trades, Security, and Industry",Male,Sort of,Sort of,Yes,Yes,I'm not sure,Yes,No,No,Yes,Yes,I think so
2/14/2022 9:27:27,10th,Health and Business,,Sort of,Sort of,Yes,Yes,I'm not sure,Yes,Yes,Yes,Yes,Yes,I think so
2/14/2022 9:27:29,9th,Health and Business,Female,Very much,Very much,Yes,Yes,I think so,Yes,Yes,Yes,Yes,Yes,I think so
2/14/2022 9:27:29,9th,,Male,Sort of,Very much,Yes,Yes,I think so,Yes,Yes,Yes,Yes,Yes,I think so
2/14/2022 9:27:30,9th,Health and Business,Female,Sort of,Sort of,Yes,Yes,I think so,Yes,Yes,Yes,Yes,Yes,I'm not sure
2/14/2022 9:27:32,9th,Health and Business,Female,Sort of,Very much,Yes,Yes,I think so,Yes,No,No,Yes,Yes,I'm not sure
2/14/2022 9:27:32,10th,STEAM,Male,Sort of,Sort of,Yes,Yes,I'm not sure,Yes,Yes,Yes,Yes,Yes,I'm not sure
2/14/2022 9:27:36,9th,TOP,Male,Sort of,Sort of,Yes,Yes,I'm not sure,Yes,No,Yes,No,Yes,I think so
2/14/2022 9:27:37,9th,"Arts, Hospitality, and Education",Female,Sort of,Sort of,Yes,Yes,I'm not sure,Yes,Yes,Yes,Yes,Yes,I'm not sure
2/14/2022 9:27:38,9th,STEAM,Male,Not really,Very much,Yes,Yes,I'm not sure,Yes,No,No,Yes,No,I'm not sure
2/14/2022 9:27:39,12th,"Arts, Hospitality, and Education",Male,Not really,No,Yes,Yes,Not at all,Yes,Yes,No,Yes,Yes,I'm not sure
2/14/2022 9:27:39,9th,"Skilled Trades, Security, and Industry",Male,Very much,Very much,Yes,Yes,I think so,Yes,Yes,Yes,Yes,Yes,I think so
2/14/2022 9:27:40,12th,"Arts, Hospitality, and Education",Male,Sort of,Very much,Yes,Yes,I'm not sure,Yes,No,Yes,Yes,Yes,I think so
2/14/2022 9:27:40,9th,STEAM,Female,Sort of,Sort of,Yes,Yes,I think so,Yes,Yes,Yes,Yes,Yes,I think so
2/14/2022 9:27:41,9th,Base Camp,Male,Sort of,Very much,No,Yes,I think so,Yes,Yes,Yes,Yes,Yes,I think so
2/14/2022 9:27:42,,STEAM,Female,Sort of,Very much,Yes,Yes,I'm not sure,Yes,Yes,Yes,Yes,Yes,I think so
2/14/2022 9:27:44,11th,"Skilled Trades, Security, and Industry",Male,Sort of,Very much,Yes,Yes,I'm not sure,Yes,Yes,Yes,Yes,No,I think so
2/14/2022 9:27:46,9th,"Skilled Trades, Security, and Industry",Male,Sort of,Very much,Yes,No,I'm not sure,Yes,No,Yes,Yes,No,Not at all
2/14/2022 9:27:47,9th,,Male,Sort of,Very much,No,Yes,I think so,Yes,Yes,Yes,Yes,Yes,I'm not sure
2/14/2022 9:27:47,9th,"Arts, Hospitality, and Education",Female,Sort of,Sort of,Yes,Yes,I'm not sure,Yes,Yes,Yes,Yes,Yes,I'm not sure
2/14/2022 9:27:48,10th,"Arts, Hospitality, and Education",Female,Sort of,Sort of,Yes,Yes,Not at all,,No,No,Yes,No,I'm not sure
2/14/2022 9:27:48,9th,STEAM,Female,Sort of,Sort of,Yes,Yes,I'm not sure,Yes,No,Yes,Yes,Yes,I'm not sure
2/14/2022 9:27:49,10th,Health and Business,Female,Not really,Sort of,Yes,Yes,I'm not sure,Yes,No,No,Yes,Yes,I'm not sure
2/14/2022 9:27:50,9th,"Arts, Hospitality, and Education",Male,Sort of,Sort of,Yes,Yes,I think so,Yes,Yes,Yes,Yes,Yes,I think so
2/14/2022 9:27:51,9th,,Female,Very much,Very much,Yes,Yes,I think so,Yes,Yes,Yes,Yes,No,I think so
2/14/2022 9:27:51,10th,Health and Business,Female,Sort of,Sort of,Yes,Yes,I'm not sure,Yes,Yes,No,Yes,Yes,I'm not sure
2/14/2022 9:27:52,9th,"Arts, Hospitality, and Education",Male,Not really,Sort of,Yes,No,I'm not sure,Yes,No,No,Yes,Yes,Not at all
2/14/2022 9:27:55,9th,Health and Business,Female,Sort of,Sort of,Yes,Yes,I think so,,No,Yes,Yes,Yes,I'm not sure
2/14/2022 9:27:55,10th,"Skilled Trades, Security, and Industry",Male,Not really,No,Yes,No,Not at all,Yes,No,No,Yes,No,Not at all
2/14/2022 9:27:55,10th,"Arts, Hospitality, and Education",Female,Sort of,Very much,Yes,No,I'm not sure,No,Yes,Yes,Yes,Yes,Not at all
2/14/2022 9:27:55,11th,Health and Business,Female,Sort of,Sort of,Yes,No,Not at all,Yes,Yes,Yes,Yes,Yes,I think so
2/14/2022 9:28:00,9th,Base Camp,,Sort of,No,Yes,Yes,I'm not sure,Yes,Yes,No,Yes,Yes,Not at all
2/14/2022 9:28:00,11th,"Skilled Trades, Security, and Industry",Male,Sort of,Sort of,Yes,Yes,I'm not sure,Yes,No,Yes,Yes,Yes,I think so
2/14/2022 9:28:00,11th,Health and Business,Female,Sort of,Sort of,Yes,Yes,I think so,Yes,Yes,Yes,Yes,Yes,I think so
2/14/2022 9:28:02,11th,Health and Business,Male,Sort of,Very much,Yes,Yes,I think so,Yes,Yes,No,Yes,Yes,I think so
2/14/2022 9:28:03,11th,"Arts, Hospitality, and Education",Male,Sort of,Sort of,No,No,I'm not sure,Yes,Yes,Yes,Yes,Yes,Not at all
2/14/2022 9:28:03,9th,"Skilled Trades, Security, and Industry",Male,Sort of,Very much,Yes,Yes,I'm not sure,Yes,No,Yes,Yes,Yes,I think so
2/14/2022 9:28:04,9th,STEAM,Female,Sort of,Very much,Yes,Yes,I'm not sure,Yes,No,No,Yes,No,I think so
2/14/2022 9:28:04,12th,TOP,Male,Very much,Very much,Yes,Yes,I think so,Yes,Yes,Yes,Yes,Yes,I think so
2/14/2022 9:28:05,11th,TOP,Male,Very much,Sort of,Yes,Yes,I'm not sure,Yes,Yes,Yes,Yes,Yes,I'm not sure
2/14/2022 9:28:06,9th,STEAM,Male,Very much,Very much,Yes,Yes,I think so,Yes,Yes,Yes,Yes,Yes,I'm not sure
2/14/2022 9:28:07,11th,Health and Business,Female,Sort of,Very much,Yes,Yes,I'm not sure,Yes,Yes,Yes,Yes,Yes,I think so
2/14/2022 9:28:07,9th,Health and Business,Female,Sort of,Sort of,Yes,Yes,I'm not sure,Yes,Yes,Yes,No,No,I'm not sure
2/14/2022 9:28:08,9th,,Male,Sort of,Very much,Yes,No,I think so,Yes,Yes,Yes,Yes,Yes,I'm not sure
2/14/2022 9:28:11,9th,Health and Business,Female,Sort of,Very much,Yes,Yes,I'm not sure,Yes,Yes,Yes,Yes,Yes,I think so
2/14/2022 9:28:15,9th,"Skilled Trades, Security, and Industry",Male,Sort of,Sort of,Yes,Yes,Not at all,Yes,No,No,Yes,No,Not at all
2/14/2022 9:28:16,,"Skilled Trades, Security, and Industry",Male,Not really,Sort of,Yes,Yes,I think so,Yes,Yes,Yes,Yes,Yes,I'm not sure
2/14/2022 9:28:17,9th,Health and Business,Female,Sort of,Sort of,No,Yes,I think so,Yes,Yes,No,Yes,Yes,I'm not sure
2/14/2022 9:28:19,12th,"Skilled Trades, Security, and Industry",Male,Sort of,Very much,Yes,Yes,I think so,Yes,Yes,Yes,Yes,Yes,I think so
2/14/2022 9:28:21,9th,,Male,Sort of,Sort of,Yes,Yes,Not at all,,No,No,,No,I'm not sure
2/14/2022 9:28:21,9th,Health and Business,Female,Not really,Sort of,Yes,Yes,I'm not sure,Yes,Yes,No,Yes,No,I'm not sure
2/14/2022 9:28:21,12th,Health and Business,Male,Sort of,Sort of,Yes,No,I think so,Yes,Yes,Yes,Yes,Yes,I think so
2/14/2022 9:28:22,12th,STEAM,Male,Very much,Very much,Yes,Yes,Not at all,No,Yes,No,Yes,Yes,I'm not sure
2/14/2022 9:28:23,9th,"Skilled Trades, Security, and Industry",Male,Sort of,Very much,Yes,Yes,I'm not sure,Yes,Yes,Yes,Yes,Yes,I'm not sure
2/14/2022 9:28:28,9th,"Arts, Hospitality, and Education",Female,Not really,Sort of,Yes,Yes,I think so,Yes,Yes,Yes,Yes,Yes,I think so
2/14/2022 9:28:28,9th,TOP,Male,Not really,Very much,Yes,Yes,I'm not sure,Yes,No,No,Yes,Yes,Not at all
2/14/2022 9:28:30,9th,"Arts, Hospitality, and Education",Female,Sort of,Sort of,Yes,Yes,Not at all,Yes,No,No,Yes,No,Not at all
2/14/2022 9:28:31,10th,"Skilled Trades, Security, and Industry",Female,Sort of,Sort of,Yes,No,Not at all,No,Yes,No,Yes,No,Not at all
2/14/2022 9:28:31,9th,Base Camp,Male,Sort of,Very much,Yes,Yes,I think so,Yes,Yes,Yes,Yes,Yes,I'm not sure
2/14/2022 9:28:33,11th,"Arts, Hospitality, and Education",Male,Very much,Very much,Yes,Yes,I think so,Yes,Yes,Yes,Yes,Yes,I think so
2/14/2022 9:28:34,9th,,Male,Sort of,Sort of,Yes,No,I'm not sure,Yes,No,,Yes,Yes,I'm not sure
2/14/2022 9:28:35,9th,"Skilled Trades, Security, and Industry",Male,Not really,Sort of,Yes,Yes,I'm not sure,Yes,Yes,No,Yes,No,I think so
2/14/2022 9:28:37,9th,,Female,Not really,Sort of,Yes,No,I think so,No,Yes,No,Yes,No,Not at all
2/14/2022 9:28:45,11th,STEAM,Male,Sort of,Very much,Yes,Yes,I think so,Yes,Yes,Yes,Yes,Yes,I think so
2/14/2022 9:28:46,10th,"Skilled Trades, Security, and Industry",Male,Very much,Sort of,Yes,Yes,I think so,Yes,Yes,Yes,Yes,Yes,I think so
2/14/2022 9:28:47,9th,Base Camp,Male,Sort of,Very much,Yes,Yes,I'm not sure,No,Yes,Yes,Yes,Yes,I think so
2/14/2022 9:28:49,11th,Health and Business,Male,Sort of,Very much,Yes,Yes,I'm not sure,Yes,Yes,Yes,Yes,No,I'm not sure
2/14/2022 9:28:49,10th,Base Camp,Male,Sort of,Sort of,Yes,Yes,I think so,Yes,Yes,Yes,Yes,Yes,I think so
2/14/2022 9:28:50,9th,,Male,Sort of,Very much,Yes,Yes,I think so,Yes,Yes,No,Yes,Yes,I think so
2/14/2022 9:29:01,12th,"Arts, Hospitality, and Education",Female,Very much,Very much,Yes,Yes,I think so,Yes,Yes,Yes,Yes,Yes,I think so
2/14/2022 9:29:03,9th,"Skilled Trades, Security, and Industry",Male,Very much,Very much,Yes,Yes,I think so,Yes,No,Yes,Yes,Yes,I think so
2/14/2022 9:29:06,11th,Health and Business,Female,Sort of,Very much,Yes,Yes,I'm not sure,No,No,No,Yes,Yes,I'm not sure
2/14/2022 9:29:08,11th,STEAM,Male,Not really,Very much,Yes,Yes,Not at all,No,Yes,No,Yes,Yes,Not at all
2/14/2022 9:29:09,11th,STEAM,Male,Sort of,Sort of,Yes,Yes,I'm not sure,Yes,Yes,Yes,Yes,Yes,I think so
2/14/2022 9:29:09,9th,"Skilled Trades, Security, and Industry",Male,Sort of,Very much,Yes,Yes,I'm not sure,Yes,No,No,No,Yes,Not at all
2/14/2022 9:29:13,11th,"Arts, Hospitality, and Education",Female,Sort of,No,Yes,No,I'm not sure,Yes,Yes,No,Yes,Yes,I'm not sure
2/14/2022 9:29:15,9th,"Arts, Hospitality, and Education",Male,Very much,Very much,,Yes,I'm not sure,Yes,Yes,Yes,Yes,Yes,I think so
2/14/2022 9:29:17,10th,"Arts, Hospitality, and Education",Male,Very much,Sort of,Yes,No,I think so,Yes,Yes,Yes,Yes,Yes,I think so
2/14/2022 9:29:23,10th,"Skilled Trades, Security, and Industry",Male,Sort of,Very much,Yes,Yes,,Yes,Yes,Yes,Yes,Yes,I think so
2/14/2022 9:29:27,11th,"Arts, Hospitality, and Education",Male,Not really,Very much,Yes,Yes,I think so,Yes,Yes,Yes,Yes,Yes,Not at all
2/14/2022 9:29:27,12th,Health and Business,Male,Sort of,Sort of,Yes,Yes,I think so,Yes,Yes,Yes,Yes,Yes,I'm not sure
2/14/2022 9:29:29,11th,"Skilled Trades, Security, and Industry",Male,Not really,Sort of,Yes,Yes,I think so,Yes,Yes,Yes,Yes,No,Not at all
2/14/2022 9:29:29,9th,Health and Business,Male,Very much,Very much,No,Yes,I'm not sure,Yes,No,Yes,Yes,Yes,I'm not sure
2/14/2022 9:29:30,12th,Health and Business,Female,Very much,Very much,Yes,Yes,I think so,Yes,Yes,Yes,Yes,Yes,I think so
2/14/2022 9:29:31,9th,"Skilled Trades, Security, and Industry",Male,Sort of,Sort of,Yes,No,I'm not sure,Yes,No,Yes,Yes,Yes,I'm not sure
2/14/2022 9:29:32,11th,Health and Business,Female,Sort of,Sort of,No,No,Not at all,No,No,No,Yes,No,Not at all
2/14/2022 9:29:34,10th,"Arts, Hospitality, and Education",Female,Sort of,Sort of,Yes,Yes,I'm not sure,No,Yes,Yes,Yes,Yes,I'm not sure
2/14/2022 9:29:34,10th,,Male,Sort of,Very much,Yes,Yes,I'm not sure,Yes,Yes,Yes,Yes,Yes,I'm not sure
2/14/2022 9:29:35,12th,STEAM,Male,Sort of,Very much,Yes,Yes,Not at all,Yes,No,Yes,Yes,Yes,I'm not sure
2/14/2022 9:29:35,12th,"Skilled Trades, Security, and Industry",Male,Not really,Sort of,Yes,Yes,I think so,Yes,Yes,Yes,Yes,,I think so
2/14/2022 9:29:37,9th,STEAM,Female,Sort of,Very much,Yes,Yes,I'm not sure,Yes,Yes,Yes,Yes,Yes,I think so
2/14/2022 9:29:40,10th,STEAM,Male,Sort of,Sort of,Yes,Yes,I'm not sure,Yes,No,No,Yes,No,Not at all
2/14/2022 9:29:42,10th,STEAM,Male,Very much,Very much,Yes,No,I think so,Yes,Yes,Yes,Yes,Yes,I think so
2/14/2022 9:29:54,11th,"Skilled Trades, Security, and Industry",Female,Sort of,Sort of,Yes,Yes,I think so,No,Yes,Yes,Yes,No,I'm not sure
2/14/2022 9:29:56,9th,STEAM,Female,Sort of,Sort of,Yes,Yes,Not at all,Yes,Yes,Yes,Yes,Yes,I'm not sure
2/14/2022 9:29:57,9th,Health and Business,Female,Not really,Sort of,Yes,Yes,I'm not sure,Yes,No,No,Yes,Yes,I think so
2/14/2022 9:30:00,10th,TOP,Male,Very much,Very much,Yes,Yes,I'm not sure,Yes,No,No,Yes,Yes,I'm not sure
2/14/2022 9:30:03,9th,"Skilled Trades, Security, and Industry",Male,Not really,No,Yes,No,Not at all,Yes,No,No,Yes,No,Not at all
2/14/2022 9:30:04,9th,"Skilled Trades, Security, and Industry",Male,Not really,Sort of,Yes,Yes,I think so,Yes,No,No,Yes,Yes,I'm not sure
2/14/2022 9:30:05,10th,,Male,Very much,Very much,Yes,Yes,I'm not sure,Yes,Yes,Yes,Yes,Yes,I think so
2/14/2022 9:30:07,9th,"Skilled Trades, Security, and Industry",Male,Not really,Very much,Yes,Yes,I think so,Yes,Yes,Yes,Yes,Yes,I think so
2/14/2022 9:30:13,12th,"Arts, Hospitality, and Education",Female,Not really,Sort of,No,Yes,I'm not sure,Yes,No,,Yes,,Not at all
2/14/2022 9:30:14,11th,STEAM,Male,Very much,Sort of,Yes,Yes,I'm not sure,Yes,No,Yes,Yes,Yes,I think so
2/14/2022 9:30:15,9th,TOP,Female,Sort of,Very much,Yes,Yes,I think so,Yes,Yes,Yes,Yes,Yes,I think so
2/14/2022 9:30:15,11th,"Skilled Trades, Security, and Industry",Male,Not really,No,Yes,No,Not at all,No,No,No,Yes,Yes,Not at all
2/14/2022 9:30:17,10th,"Arts, Hospitality, and Education",Female,Sort of,Very much,Yes,Yes,I'm not sure,Yes,No,Yes,Yes,Yes,I think so
2/14/2022 9:30:22,9th,Health and Business,Female,Sort of,Very much,Yes,Yes,I'm not sure,Yes,Yes,Yes,Yes,Yes,I think so
2/14/2022 9:30:30,10th,"Arts, Hospitality, and Education",Female,Not really,Sort of,Yes,Yes,I'm not sure,Yes,Yes,Yes,Yes,Yes,Not at all
2/14/2022 9:30:38,11th,STEAM,Male,Sort of,Very much,Yes,Yes,I'm not sure,Yes,Yes,Yes,Yes,Yes,I think so
2/14/2022 9:30:43,9th,"Arts, Hospitality, and Education",Male,Sort of,Sort of,Yes,Yes,Not at all,Yes,No,No,Yes,Yes,I'm not sure
2/14/2022 9:30:50,10th,"Skilled Trades, Security, and Industry",Male,Sort of,Sort of,Yes,No,I'm not sure,Yes,Yes,Yes,Yes,Yes,I'm not sure
2/14/2022 9:30:51,9th,"Skilled Trades, Security, and Industry",Male,Sort of,Sort of,Yes,Yes,I'm not sure,Yes,No,No,Yes,Yes,I'm not sure
2/14/2022 9:30:55,9th,"Arts, Hospitality, and Education",Female,Sort of,Sort of,Yes,Yes,I think so,No,Yes,Yes,Yes,Yes,I'm not sure
2/14/2022 9:31:09,12th,"Arts, Hospitality, and Education",Female,Very much,Very much,Yes,Yes,I think so,Yes,Yes,Yes,Yes,Yes,I think so
2/14/2022 9:31:12,10th,"Arts, Hospitality, and Education",Male,Sort of,Sort of,No,No,I think so,No,No,No,No,No,I think so
2/14/2022 9:31:19,9th,"Skilled Trades, Security, and Industry",Male,Not really,Very much,Yes,Yes,I'm not sure,Yes,No,Yes,Yes,No,I'm not sure
2/14/2022 9:31:20,9th,,Female,Sort of,Sort of,Yes,Yes,I think so,Yes,Yes,Yes,Yes,Yes,I'm not sure
2/14/2022 9:31:21,9th,,Male,Sort of,Very much,Yes,Yes,I'm not sure,Yes,Yes,Yes,Yes,Yes,I think so
2/14/2022 9:31:36,9th,Base Camp,Female,Not really,Sort of,Yes,Yes,I'm not sure,Yes,Yes,Yes,Yes,No,I'm not sure
2/14/2022 9:31:44,10th,Health and Business,Female,Sort of,Sort of,Yes,Yes,I'm not sure,Yes,No,Yes,Yes,Yes,I'm not sure
2/14/2022 9:31:56,10th,"Arts, Hospitality, and Education",Male,Not really,Sort of,Yes,No,I'm not sure,Yes,No,No,Yes,Yes,I'm not sure
2/14/2022 9:31:57,9th,"Arts, Hospitality, and Education",Male,Not really,No,Yes,Yes,I think so,Yes,No,No,Yes,No,Not at all
2/14/2022 9:31:59,12th,"Skilled Trades, Security, and Industry",Male,Not really,No,Yes,Yes,Not at all,No,No,No,Yes,Yes,Not at all
2/14/2022 9:32:00,9th,"Skilled Trades, Security, and Industry",Male,Not really,Sort of,Yes,Yes,I'm not sure,Yes,Yes,Yes,Yes,Yes,I'm not sure
2/14/2022 9:32:00,10th,Health and Business,Male,Sort of,Very much,Yes,No,I'm not sure,No,No,No,Yes,No,Not at all
2/14/2022 9:32:01,10th,"Skilled Trades, Security, and Industry",Female,Not really,Sort of,Yes,Yes,I'm not sure,Yes,Yes,Yes,Yes,Yes,Not at all
2/14/2022 9:32:09,12th,Health and Business,Female,Sort of,Sort of,Yes,Yes,I'm not sure,Yes,Yes,No,Yes,Yes,I'm not sure
2/14/2022 9:32:27,11th,STEAM,Female,Not really,Sort of,Yes,Yes,I'm not sure,Yes,Yes,No,Yes,No,I'm not sure
2/14/2022 9:32:33,11th,STEAM,Female,Sort of,Sort of,Yes,Yes,I'm not sure,No,No,No,No,No,I'm not sure
2/14/2022 9:32:35,12th,TOP,Female,Not really,Sort of,Yes,Yes,I think so,Yes,Yes,Yes,Yes,Yes,I think so
2/14/2022 9:32:38,10th,STEAM,Male,Not really,No,Yes,Yes,Not at all,Yes,No,Yes,Yes,No,I'm not sure
2/14/2022 9:32:39,12th,STEAM,Female,Not really,Sort of,Yes,Yes,Not at all,No,No,No,Yes,Yes,Not at all
2/14/2022 9:33:21,10th,TOP,Male,Very much,No,No,No,Not at all,No,No,No,No,No,Not at all
2/14/2022 9:33:27,11th,"Skilled Trades, Security, and Industry",Female,Not really,Sort of,Yes,No,Not at all,Yes,No,No,No,No,Not at all
2/14/2022 9:33:30,10th,"Arts, Hospitality, and Education",Female,Sort of,Very much,Yes,Yes,I'm not sure,Yes,Yes,Yes,Yes,No,I think so
2/14/2022 9:33:43,9th,"Skilled Trades, Security, and Industry",Male,Not really,Sort of,Yes,Yes,Not at all,Yes,Yes,Yes,Yes,No,Not at all
2/14/2022 9:33:43,,"Arts, Hospitality, and Education",Female,Sort of,Very much,Yes,Yes,I'm not sure,Yes,Yes,Yes,Yes,Yes,I think so
2/14/2022 9:33:49,9th,STEAM,Male,Sort of,Very much,Yes,Yes,I'm not sure,Yes,Yes,Yes,Yes,,I think so
2/14/2022 9:33:51,10th,Base Camp,Male,Sort of,Very much,Yes,Yes,Not at all,Yes,No,No,No,No,I'm not sure
2/14/2022 9:34:00,12th,STEAM,Female,Very much,Sort of,No,Yes,Not at all,Yes,Yes,Yes,Yes,Yes,I'm not sure
2/14/2022 9:34:07,10th,STEAM,Female,Not really,Sort of,Yes,Yes,Not at all,Yes,No,No,Yes,Yes,I'm not sure
2/14/2022 9:35:01,9th,Health and Business,Female,Sort of,Very much,Yes,Yes,I think so,Yes,Yes,Yes,Yes,Yes,I think so
2/14/2022 9:35:08,9th,Base Camp,Female,Not really,Sort of,Yes,Yes,I'm not sure,Yes,No,No,Yes,No,I'm not sure
2/14/2022 9:35:32,9th,"Skilled Trades, Security, and Industry",Female,Not really,Sort of,Yes,No,I'm not sure,No,No,No,Yes,No,Not at all
2/14/2022 9:35:56,10th,"Arts, Hospitality, and Education",Female,Not really,Sort of,Yes,No,Not at all,No,Yes,No,Yes,No,I'm not sure
2/14/2022 9:36:59,11th,"Arts, Hospitality, and Education",Female,Not really,Sort of,No,No,Not at all,No,No,No,Yes,No,I'm not sure
2/14/2022 9:37:08,10th,Health and Business,Female,Sort of,Sort of,Yes,Yes,I'm not sure,Yes,No,No,Yes,Yes,I'm not sure
2/14/2022 9:37:21,10th,STEAM,Male,Sort of,Sort of,Yes,Yes,I'm not sure,Yes,Yes,No,Yes,Yes,I'm not sure
2/14/2022 9:37:41,9th,"Arts, Hospitality, and Education",Male,Sort of,No,Yes,No,I'm not sure,No,No,No,Yes,Yes,I'm not sure
2/14/2022 9:37:48,10th,TOP,Female,Sort of,Sort of,Yes,Yes,I think so,Yes,Yes,Yes,Yes,,I'm not sure
2/14/2022 9:38:02,10th,Base Camp,Male,Sort of,Sort of,Yes,Yes,I'm not sure,No,No,Yes,Yes,No,I think so
2/14/2022 9:38:06,12th,TOP,Female,Sort of,Very much,Yes,Yes,I think so,Yes,Yes,No,Yes,Yes,I'm not sure
2/14/2022 9:38:40,12th,"Arts, Hospitality, and Education",Female,Very much,Sort of,Yes,Yes,I think so,Yes,Yes,Yes,Yes,Yes,I think so
2/14/2022 9:38:51,9th,Health and Business,Female,Sort of,Sort of,Yes,No,I'm not sure,Yes,Yes,No,Yes,Yes,I think so
2/14/2022 9:39:11,11th,STEAM,Male,Not really,Sort of,No,No,I'm not sure,Yes,No,Yes,Yes,No,I'm not sure
2/14/2022 9:39:41,10th,"Arts, Hospitality, and Education",Female,Not really,Very much,Yes,Yes,I think so,Yes,No,No,Yes,Yes,I'm not sure
2/14/2022 9:40:07,10th,Health and Business,Female,Sort of,No,Yes,No,Not at all,Yes,No,No,Yes,Yes,Not at all
2/14/2022 9:40:19,10th,STEAM,Male,Sort of,Very much,Yes,Yes,I'm not sure,Yes,Yes,Yes,Yes,Yes,I'm not sure
2/14/2022 9:41:24,9th,"Skilled Trades, Security, and Industry",Female,Sort of,Sort of,Yes,No,I'm not sure,Yes,No,No,Yes,Yes,Not at all
2/14/2022 9:41:38,9th,"Skilled Trades, Security, and Industry",Female,Sort of,Very much,Yes,Yes,I think so,Yes,Yes,Yes,Yes,Yes,I think so
2/14/2022 9:41:39,9th,Health and Business,Female,Sort of,Very much,Yes,Yes,I think so,Yes,Yes,Yes,Yes,Yes,I think so
2/14/2022 9:41:46,9th,"Arts, Hospitality, and Education",Female,Very much,Very much,Yes,Yes,I think so,Yes,Yes,Yes,Yes,Yes,I think so
2/14/2022 9:41:51,12th,Health and Business,Male,Sort of,Sort of,Yes,No,I'm not sure,Yes,Yes,No,Yes,Yes,I'm not sure
2/14/2022 9:41:51,11th,STEAM,Male,Not really,No,Yes,Yes,Not at all,Yes,Yes,Yes,Yes,Yes,I'm not sure
2/14/2022 9:41:52,9th,STEAM,Male,Sort of,Sort of,Yes,Yes,I'm not sure,Yes,Yes,Yes,Yes,Yes,I think so
2/14/2022 9:41:56,10th,Health and Business,Female,Sort of,Sort of,Yes,Yes,I think so,Yes,No,No,Yes,Yes,I think so
2/14/2022 9:42:01,12th,Health and Business,Female,Not really,Very much,Yes,Yes,I'm not sure,Yes,Yes,Yes,Yes,Yes,I'm not sure
2/14/2022 9:42:08,11th,STEAM,Male,Sort of,Very much,Yes,Yes,I'm not sure,Yes,Yes,Yes,Yes,No,Not at all
2/14/2022 9:42:21,11th,Health and Business,Female,Very much,Very much,Yes,Yes,I'm not sure,Yes,Yes,Yes,Yes,Yes,I think so
2/14/2022 9:42:22,9th,"Arts, Hospitality, and Education",Male,Not really,Sort of,Yes,No,I'm not sure,No,Yes,No,Yes,No,I'm not sure
2/14/2022 9:42:23,9th,Base Camp,Male,Very much,Very much,Yes,Yes,I think so,Yes,Yes,Yes,Yes,Yes,I think so
2/14/2022 9:42:23,10th,"Arts, Hospitality, and Education",Female,Sort of,Sort of,Yes,Yes,I think so,Yes,Yes,Yes,Yes,No,Not at all
2/14/2022 9:42:24,10th,"Skilled Trades, Security, and Industry",Male,Not really,Sort of,Yes,No,I'm not sure,No,No,No,Yes,No,I'm not sure
2/14/2022 9:42:33,9th,Health and Business,Female,Sort of,Sort of,Yes,Yes,I'm not sure,No,No,No,Yes,Yes,Not at all
2/14/2022 9:42:44,9th,"Skilled Trades, Security, and Industry",Male,Very much,Very much,Yes,Yes,I think so,Yes,Yes,Yes,Yes,Yes,I'm not sure
2/14/2022 9:42:59,10th,Base Camp,Female,Very much,Very much,Yes,No,I think so,Yes,No,No,Yes,Yes,I think so
2/14/2022 9:43:00,9th,Base Camp,Male,Very much,Sort of,Yes,No,Not at all,Yes,No,No,Yes,No,I'm not sure
2/14/2022 9:43:06,9th,TOP,Female,Very much,Very much,Yes,Yes,I'm not sure,Yes,Yes,Yes,Yes,Yes,I'm not sure
2/14/2022 9:43:20,9th,"Skilled Trades, Security, and Industry",Male,Not really,No,Yes,Yes,Not at all,No,No,Yes,No,No,Not at all
2/14/2022 9:43:34,11th,"Arts, Hospitality, and Education",Female,Sort of,Very much,Yes,Yes,I'm not sure,Yes,Yes,No,Yes,Yes,I'm not sure
2/14/2022 9:44:22,9th,TOP,Female,Very much,Very much,Yes,Yes,I'm not sure,Yes,Yes,Yes,Yes,Yes,I think so
2/14/2022 9:47:28,11th,"Skilled Trades, Security, and Industry",Male,Sort of,Sort of,Yes,No,I think so,Yes,No,No,Yes,No,I'm not sure
2/14/2022 9:54:16,10th,Health and Business,Male,Sort of,Sort of,Yes,Yes,Not at all,Yes,Yes,Yes,Yes,Yes,I think so
2/14/2022 9:59:29,9th,,Male,Not really,Sort of,Yes,Yes,I'm not sure,No,No,No,Yes,Yes,Not at all
2/14/2022 9:59:38,9th,"Arts, Hospitality, and Education",Female,Not really,Very much,No,No,Not at all,No,No,No,Yes,No,Not at all
2/14/2022 9:59:39,9th,TOP,Female,Sort of,Very much,No,Yes,I'm not sure,Yes,Yes,No,Yes,Yes,I think so
2/14/2022 10:00:06,9th,Health and Business,Female,Very much,Sort of,Yes,Yes,I'm not sure,Yes,Yes,Yes,Yes,No,I think so
2/14/2022 10:00:26,9th,Health and Business,Female,Very much,Sort of,Yes,Yes,I'm not sure,Yes,Yes,No,Yes,Yes,I think so
2/14/2022 10:03:30,9th,"Skilled Trades, Security, and Industry",Female,Sort of,Very much,Yes,Yes,I'm not sure,Yes,Yes,Yes,Yes,Yes,I think so
2/14/2022 10:13:51,9th,"Skilled Trades, Security, and Industry",Male,Not really,Sort of,Yes,Yes,I'm not sure,No,No,Yes,Yes,Yes,Not at all
2/14/2022 10:18:36,12th,Health and Business,Female,Sort of,Very much,Yes,Yes,I think so,Yes,Yes,Yes,Yes,No,Not at all
2/14/2022 10:18:42,9th,Base Camp,Female,Very much,Very much,Yes,Yes,I think so,Yes,Yes,Yes,Yes,Yes,I think so
2/14/2022 10:18:57,10th,TOP,Male,Not really,Sort of,Yes,Yes,I'm not sure,No,No,No,Yes,No,Not at all
2/14/2022 10:19:47,9th,STEAM,Female,Sort of,Very much,Yes,Yes,I think so,Yes,Yes,Yes,Yes,No,I'm not sure
2/14/2022 10:24:47,10th,TOP,Male,Sort of,No,Yes,Yes,Not at all,Yes,Yes,Yes,Yes,Yes,Not at all
2/14/2022 10:36:24,9th,"Arts, Hospitality, and Education",Female,Sort of,Sort of,Yes,No,Not at all,No,No,No,Yes,Yes,Not at all
2/14/2022 10:39:06,10th,Health and Business,Female,Sort of,Sort of,Yes,Yes,I think so,Yes,No,No,No,Yes,I'm not sure
2/14/2022 10:40:49,10th,TOP,Female,Not really,Very much,Yes,Yes,I'm not sure,Yes,Yes,Yes,Yes,Yes,I think so
2/14/2022 10:42:02,10th,"Arts, Hospitality, and Education",Female,Sort of,Sort of,Yes,Yes,I think so,Yes,Yes,Yes,Yes,No,I'm not sure
2/14/2022 10:58:40,12th,STEAM,Female,Sort of,Very much,Yes,Yes,I'm not sure,Yes,Yes,Yes,Yes,Yes,I think so
2/14/2022 11:22:40,11th,"Skilled Trades, Security, and Industry",Male,Very much,No,Yes,No,I'm not sure,No,No,No,Yes,Yes,I'm not sure
2/14/2022 11:44:40,10th,Health and Business,Female,Not really,Very much,Yes,Yes,I'm not sure,Yes,No,No,Yes,Yes,I'm not sure
2/14/2022 13:12:00,10th,"Skilled Trades, Security, and Industry",Male,Sort of,Very much,Yes,No,I'm not sure,Yes,Yes,Yes,Yes,Yes,I'm not sure
2/14/2022 13:13:00,10th,,Male,Not really,Sort of,Yes,No,I'm not sure,Yes,No,Yes,Yes,Yes,Not at all
2/14/2022 13:20:05,12th,"Arts, Hospitality, and Education",Female,Not really,No,Yes,Yes,Not at all,No,Yes,No,Yes,Yes,Not at all
2/14/2022 13:28:56,10th,,Female,Sort of,Sort of,No,No,Not at all,No,No,No,Yes,No,I'm not sure
2/14/2022 13:39:22,9th,Base Camp,Female,Sort of,Sort of,Yes,No,I'm not sure,Yes,No,No,Yes,Yes,I'm not sure
2/14/2022 14:15:53,11th,"Skilled Trades, Security, and Industry",Male,Sort of,No,Yes,Yes,Not at all,No,No,No,Yes,Yes,I think so
2/14/2022 14:17:29,12th,,Male,Sort of,Very much,Yes,Yes,I'm not sure,Yes,Yes,Yes,Yes,Yes,I'm not sure
2/14/2022 14:40:26,12th,Health and Business,Female,Very much,Very much,Yes,Yes,I think so,Yes,Yes,Yes,Yes,Yes,I think so
2/14/2022 15:10:11,10th,Health and Business,Female,Very much,Sort of,Yes,Yes,I'm not sure,Yes,No,Yes,Yes,No,I'm not sure
2/14/2022 17:14:23,12th,,Male,Sort of,Sort of,Yes,Yes,I think so,Yes,Yes,Yes,Yes,Yes,I think so
2/14/2022 18:42:24,9th,Base Camp,Female,Not really,Sort of,No,No,Not at all,No,No,No,No,No,Not at all
2/14/2022 19:05:21,12th,"Skilled Trades, Security, and Industry",Female,Not really,Very much,No,No,I'm not sure,No,Yes,No,Yes,Yes,Not at all
2/14/2022 22:06:23,11th,STEAM,Female,Sort of,Very much,Yes,Yes,I'm not sure,No,No,No,Yes,No,I'm not sure
2/15/2022 9:53:09,10th,Health and Business,Female,Sort of,Sort of,Yes,Yes,Not at all,No,No,No,Yes,No,I'm not sure
2/15/2022 13:27:42,9th,Base Camp,Male,Sort of,Very much,Yes,Yes,I'm not sure,Yes,Yes,Yes,Yes,Yes,I think so
2/15/2022 16:15:15,12th,,Female,Not really,Very much,Yes,Yes,Not at all,Yes,Yes,No,Yes,No,Not at all
2/16/2022 9:41:52,10th,"Skilled Trades, Security, and Industry",Male,Not really,Sort of,Yes,No,I'm not sure,Yes,Yes,Yes,Yes,Yes,Not at all
2/16/2022 12:33:38,11th,Health and Business,Female,Not really,Sort of,Yes,Yes,I'm not sure,Yes,No,No,Yes,Yes,Not at all
2/17/2022 10:32:33,12th,"Skilled Trades, Security, and Industry",Male,Sort of,Sort of,Yes,Yes,I'm not sure,Yes,Yes,Yes,Yes,Yes,I'm not sure
2/22/2022 12:36:46,10th,STEAM,Male,Sort of,Very much,Yes,Yes,I think so,No,Yes,Yes,Yes,Yes,I'm not sure
2/23/2022 10:23:45,9th,STEAM,Female,Not really,No,No,Yes,I think so,Yes,No,No,Yes,Yes,Not at all
3/1/2022 11:51:02,10th,,,Not really,Very much,No,Yes,I think so,Yes,Yes,Yes,No,No,I'm not sure